transaction_id,student_key,course_week,group_code,item
W01-SYN001,SYN001,1,G10,attendance_recorded
W01-SYN001,SYN001,1,G10,concept_map_submitted
W01-SYN001,SYN001,1,G10,task_submitted
W01-SYN001,SYN001,1,G10,task_late
W01-SYN001,SYN001,1,G10,quiz_completed
W01-SYN001,SYN001,1,G10,high_monday_activity
W01-SYN001,SYN001,1,G10,practical_verified
W01-SYN001,SYN001,1,G10,project_activity
W01-SYN001,SYN001,1,G10,asked_for_help
W02-SYN001,SYN001,2,G10,attendance_recorded
W02-SYN001,SYN001,2,G10,concept_map_submitted
W02-SYN001,SYN001,2,G10,task_submitted
W02-SYN001,SYN001,2,G10,task_on_time
W02-SYN001,SYN001,2,G10,multiple_attempts
W02-SYN001,SYN001,2,G10,practical_verified
W02-SYN001,SYN001,2,G10,project_activity
W03-SYN001,SYN001,3,G10,concept_map_submitted
W03-SYN001,SYN001,3,G10,multiple_attempts
W04-SYN001,SYN001,4,G10,attendance_recorded
W04-SYN001,SYN001,4,G10,task_submitted
W04-SYN001,SYN001,4,G10,task_late
W04-SYN001,SYN001,4,G10,multiple_attempts
W04-SYN001,SYN001,4,G10,project_activity
W05-SYN001,SYN001,5,G10,attendance_recorded
W05-SYN001,SYN001,5,G10,concept_map_submitted
W05-SYN001,SYN001,5,G10,task_submitted
W05-SYN001,SYN001,5,G10,task_on_time
W05-SYN001,SYN001,5,G10,practical_verified
W05-SYN001,SYN001,5,G10,project_activity
W06-SYN001,SYN001,6,G10,attendance_recorded
W06-SYN001,SYN001,6,G10,task_submitted
W06-SYN001,SYN001,6,G10,task_on_time
W06-SYN001,SYN001,6,G10,quiz_completed
W06-SYN001,SYN001,6,G10,quiz_high
W06-SYN001,SYN001,6,G10,high_monday_activity
W07-SYN001,SYN001,7,G10,multiple_attempts
W07-SYN001,SYN001,7,G10,project_activity
W08-SYN001,SYN001,8,G10,attendance_recorded
W08-SYN001,SYN001,8,G10,concept_map_submitted
W08-SYN001,SYN001,8,G10,quiz_completed
W08-SYN001,SYN001,8,G10,project_activity
W01-SYN002,SYN002,1,G04,attendance_recorded
W01-SYN002,SYN002,1,G04,concept_map_submitted
W01-SYN002,SYN002,1,G04,task_submitted
W01-SYN002,SYN002,1,G04,task_on_time
W01-SYN002,SYN002,1,G04,quiz_completed
W01-SYN002,SYN002,1,G04,low_monday_activity
W01-SYN002,SYN002,1,G04,practical_verified
W01-SYN002,SYN002,1,G04,project_activity
W02-SYN002,SYN002,2,G04,attendance_recorded
W02-SYN002,SYN002,2,G04,task_submitted
W02-SYN002,SYN002,2,G04,task_late
W02-SYN002,SYN002,2,G04,quiz_completed
W02-SYN002,SYN002,2,G04,quiz_high
W02-SYN002,SYN002,2,G04,high_monday_activity
W02-SYN002,SYN002,2,G04,practical_verified
W02-SYN002,SYN002,2,G04,project_activity
W03-SYN002,SYN002,3,G04,attendance_recorded
W03-SYN002,SYN002,3,G04,concept_map_submitted
W03-SYN002,SYN002,3,G04,task_submitted
W03-SYN002,SYN002,3,G04,task_on_time
W03-SYN002,SYN002,3,G04,multiple_attempts
W03-SYN002,SYN002,3,G04,high_monday_activity
W03-SYN002,SYN002,3,G04,practical_verified
W04-SYN002,SYN002,4,G04,attendance_recorded
W04-SYN002,SYN002,4,G04,task_submitted
W04-SYN002,SYN002,4,G04,task_late
W04-SYN002,SYN002,4,G04,quiz_completed
W04-SYN002,SYN002,4,G04,high_monday_activity
W05-SYN002,SYN002,5,G04,attendance_recorded
W05-SYN002,SYN002,5,G04,task_submitted
W05-SYN002,SYN002,5,G04,task_late
W05-SYN002,SYN002,5,G04,high_monday_activity
W05-SYN002,SYN002,5,G04,practical_verified
W05-SYN002,SYN002,5,G04,project_activity
W06-SYN002,SYN002,6,G04,concept_map_submitted
W06-SYN002,SYN002,6,G04,task_submitted
W06-SYN002,SYN002,6,G04,task_on_time
W06-SYN002,SYN002,6,G04,quiz_completed
W06-SYN002,SYN002,6,G04,quiz_low
W06-SYN002,SYN002,6,G04,practical_verified
W07-SYN002,SYN002,7,G04,attendance_recorded
W07-SYN002,SYN002,7,G04,task_submitted
W07-SYN002,SYN002,7,G04,task_late
W07-SYN002,SYN002,7,G04,quiz_completed
W07-SYN002,SYN002,7,G04,practical_verified
W07-SYN002,SYN002,7,G04,project_activity
W08-SYN002,SYN002,8,G04,attendance_recorded
W08-SYN002,SYN002,8,G04,concept_map_submitted
W08-SYN002,SYN002,8,G04,task_submitted
W08-SYN002,SYN002,8,G04,task_late
W08-SYN002,SYN002,8,G04,quiz_completed
W08-SYN002,SYN002,8,G04,quiz_high
W08-SYN002,SYN002,8,G04,practical_verified
W01-SYN003,SYN003,1,G03,project_activity
W02-SYN003,SYN003,2,G03,concept_map_submitted
W03-SYN003,SYN003,3,G03,concept_map_submitted
W03-SYN003,SYN003,3,G03,multiple_attempts
W03-SYN003,SYN003,3,G03,practical_verified
W04-SYN003,SYN003,4,G03,attendance_recorded
W04-SYN003,SYN003,4,G03,concept_map_submitted
W04-SYN003,SYN003,4,G03,task_submitted
W04-SYN003,SYN003,4,G03,task_on_time
W04-SYN003,SYN003,4,G03,quiz_completed
W04-SYN003,SYN003,4,G03,low_monday_activity
W04-SYN003,SYN003,4,G03,practical_verified
W04-SYN003,SYN003,4,G03,asked_for_help
W05-SYN003,SYN003,5,G03,attendance_recorded
W05-SYN003,SYN003,5,G03,concept_map_submitted
W05-SYN003,SYN003,5,G03,quiz_completed
W06-SYN003,SYN003,6,G03,concept_map_submitted
W06-SYN003,SYN003,6,G03,task_submitted
W06-SYN003,SYN003,6,G03,task_late
W06-SYN003,SYN003,6,G03,practical_verified
W06-SYN003,SYN003,6,G03,asked_for_help
W07-SYN003,SYN003,7,G03,attendance_recorded
W07-SYN003,SYN003,7,G03,concept_map_submitted
W07-SYN003,SYN003,7,G03,task_submitted
W07-SYN003,SYN003,7,G03,task_late
W07-SYN003,SYN003,7,G03,low_monday_activity
W07-SYN003,SYN003,7,G03,practical_verified
W07-SYN003,SYN003,7,G03,project_activity
W07-SYN003,SYN003,7,G03,asked_for_help
W08-SYN003,SYN003,8,G03,attendance_recorded
W08-SYN003,SYN003,8,G03,task_submitted
W08-SYN003,SYN003,8,G03,task_on_time
W08-SYN003,SYN003,8,G03,quiz_completed
W08-SYN003,SYN003,8,G03,project_activity
W08-SYN003,SYN003,8,G03,asked_for_help
W01-SYN004,SYN004,1,G04,concept_map_submitted
W01-SYN004,SYN004,1,G04,task_submitted
W01-SYN004,SYN004,1,G04,task_on_time
W01-SYN004,SYN004,1,G04,quiz_completed
W01-SYN004,SYN004,1,G04,quiz_high
W01-SYN004,SYN004,1,G04,practical_verified
W02-SYN004,SYN004,2,G04,attendance_recorded
W02-SYN004,SYN004,2,G04,concept_map_submitted
W02-SYN004,SYN004,2,G04,task_submitted
W02-SYN004,SYN004,2,G04,task_on_time
W02-SYN004,SYN004,2,G04,quiz_completed
W02-SYN004,SYN004,2,G04,quiz_low
W02-SYN004,SYN004,2,G04,high_monday_activity
W03-SYN004,SYN004,3,G04,concept_map_submitted
W03-SYN004,SYN004,3,G04,quiz_completed
W03-SYN004,SYN004,3,G04,practical_verified
W03-SYN004,SYN004,3,G04,project_activity
W04-SYN004,SYN004,4,G04,attendance_recorded
W04-SYN004,SYN004,4,G04,concept_map_submitted
W04-SYN004,SYN004,4,G04,practical_verified
W04-SYN004,SYN004,4,G04,asked_for_help
W05-SYN004,SYN004,5,G04,attendance_recorded
W05-SYN004,SYN004,5,G04,concept_map_submitted
W05-SYN004,SYN004,5,G04,task_submitted
W05-SYN004,SYN004,5,G04,task_on_time
W05-SYN004,SYN004,5,G04,quiz_completed
W05-SYN004,SYN004,5,G04,high_monday_activity
W05-SYN004,SYN004,5,G04,practical_verified
W05-SYN004,SYN004,5,G04,project_activity
W05-SYN004,SYN004,5,G04,asked_for_help
W06-SYN004,SYN004,6,G04,attendance_recorded
W06-SYN004,SYN004,6,G04,concept_map_submitted
W06-SYN004,SYN004,6,G04,task_submitted
W06-SYN004,SYN004,6,G04,task_late
W06-SYN004,SYN004,6,G04,quiz_completed
W06-SYN004,SYN004,6,G04,quiz_low
W06-SYN004,SYN004,6,G04,practical_verified
W06-SYN004,SYN004,6,G04,project_activity
W06-SYN004,SYN004,6,G04,asked_for_help
W07-SYN004,SYN004,7,G04,attendance_recorded
W07-SYN004,SYN004,7,G04,concept_map_submitted
W07-SYN004,SYN004,7,G04,quiz_completed
W07-SYN004,SYN004,7,G04,quiz_low
W07-SYN004,SYN004,7,G04,high_monday_activity
W07-SYN004,SYN004,7,G04,asked_for_help
W08-SYN004,SYN004,8,G04,attendance_recorded
W08-SYN004,SYN004,8,G04,concept_map_submitted
W08-SYN004,SYN004,8,G04,quiz_completed
W08-SYN004,SYN004,8,G04,project_activity
W08-SYN004,SYN004,8,G04,asked_for_help
W01-SYN005,SYN005,1,G07,attendance_recorded
W01-SYN005,SYN005,1,G07,concept_map_submitted
W01-SYN005,SYN005,1,G07,task_submitted
W01-SYN005,SYN005,1,G07,task_on_time
W01-SYN005,SYN005,1,G07,quiz_completed
W01-SYN005,SYN005,1,G07,multiple_attempts
W01-SYN005,SYN005,1,G07,practical_verified
W01-SYN005,SYN005,1,G07,project_activity
W01-SYN005,SYN005,1,G07,asked_for_help
W02-SYN005,SYN005,2,G07,attendance_recorded
W02-SYN005,SYN005,2,G07,task_submitted
W02-SYN005,SYN005,2,G07,task_on_time
W02-SYN005,SYN005,2,G07,quiz_completed
W02-SYN005,SYN005,2,G07,quiz_high
W02-SYN005,SYN005,2,G07,practical_verified
W02-SYN005,SYN005,2,G07,project_activity
W02-SYN005,SYN005,2,G07,asked_for_help
W03-SYN005,SYN005,3,G07,attendance_recorded
W03-SYN005,SYN005,3,G07,concept_map_submitted
W03-SYN005,SYN005,3,G07,task_submitted
W03-SYN005,SYN005,3,G07,task_on_time
W03-SYN005,SYN005,3,G07,quiz_completed
W03-SYN005,SYN005,3,G07,quiz_high
W03-SYN005,SYN005,3,G07,multiple_attempts
W03-SYN005,SYN005,3,G07,high_monday_activity
W03-SYN005,SYN005,3,G07,practical_verified
W03-SYN005,SYN005,3,G07,project_activity
W04-SYN005,SYN005,4,G07,attendance_recorded
W04-SYN005,SYN005,4,G07,concept_map_submitted
W04-SYN005,SYN005,4,G07,task_submitted
W04-SYN005,SYN005,4,G07,task_on_time
W04-SYN005,SYN005,4,G07,quiz_completed
W04-SYN005,SYN005,4,G07,quiz_high
W04-SYN005,SYN005,4,G07,multiple_attempts
W04-SYN005,SYN005,4,G07,high_monday_activity
W04-SYN005,SYN005,4,G07,practical_verified
W04-SYN005,SYN005,4,G07,project_activity
W05-SYN005,SYN005,5,G07,attendance_recorded
W05-SYN005,SYN005,5,G07,concept_map_submitted
W05-SYN005,SYN005,5,G07,task_submitted
W05-SYN005,SYN005,5,G07,task_on_time
W05-SYN005,SYN005,5,G07,quiz_completed
W05-SYN005,SYN005,5,G07,quiz_high
W05-SYN005,SYN005,5,G07,high_monday_activity
W05-SYN005,SYN005,5,G07,project_activity
W06-SYN005,SYN005,6,G07,attendance_recorded
W06-SYN005,SYN005,6,G07,task_submitted
W06-SYN005,SYN005,6,G07,task_on_time
W06-SYN005,SYN005,6,G07,quiz_completed
W06-SYN005,SYN005,6,G07,quiz_high
W06-SYN005,SYN005,6,G07,practical_verified
W07-SYN005,SYN005,7,G07,concept_map_submitted
W07-SYN005,SYN005,7,G07,task_submitted
W07-SYN005,SYN005,7,G07,task_on_time
W07-SYN005,SYN005,7,G07,quiz_completed
W07-SYN005,SYN005,7,G07,quiz_high
W07-SYN005,SYN005,7,G07,practical_verified
W07-SYN005,SYN005,7,G07,asked_for_help
W08-SYN005,SYN005,8,G07,attendance_recorded
W08-SYN005,SYN005,8,G07,concept_map_submitted
W08-SYN005,SYN005,8,G07,task_submitted
W08-SYN005,SYN005,8,G07,task_on_time
W08-SYN005,SYN005,8,G07,quiz_completed
W08-SYN005,SYN005,8,G07,quiz_high
W08-SYN005,SYN005,8,G07,low_monday_activity
W08-SYN005,SYN005,8,G07,practical_verified
W08-SYN005,SYN005,8,G07,project_activity
W08-SYN005,SYN005,8,G07,asked_for_help
W01-SYN006,SYN006,1,G06,attendance_recorded
W01-SYN006,SYN006,1,G06,quiz_completed
W01-SYN006,SYN006,1,G06,quiz_low
W01-SYN006,SYN006,1,G06,practical_verified
W01-SYN006,SYN006,1,G06,project_activity
W02-SYN006,SYN006,2,G06,attendance_recorded
W02-SYN006,SYN006,2,G06,concept_map_submitted
W02-SYN006,SYN006,2,G06,task_submitted
W02-SYN006,SYN006,2,G06,task_on_time
W02-SYN006,SYN006,2,G06,quiz_completed
W02-SYN006,SYN006,2,G06,multiple_attempts
W02-SYN006,SYN006,2,G06,high_monday_activity
W03-SYN006,SYN006,3,G06,attendance_recorded
W03-SYN006,SYN006,3,G06,task_submitted
W03-SYN006,SYN006,3,G06,task_on_time
W03-SYN006,SYN006,3,G06,multiple_attempts
W03-SYN006,SYN006,3,G06,high_monday_activity
W03-SYN006,SYN006,3,G06,practical_verified
W03-SYN006,SYN006,3,G06,project_activity
W03-SYN006,SYN006,3,G06,asked_for_help
W04-SYN006,SYN006,4,G06,concept_map_submitted
W04-SYN006,SYN006,4,G06,project_activity
W05-SYN006,SYN006,5,G06,attendance_recorded
W05-SYN006,SYN006,5,G06,task_submitted
W05-SYN006,SYN006,5,G06,task_on_time
W05-SYN006,SYN006,5,G06,high_monday_activity
W05-SYN006,SYN006,5,G06,practical_verified
W05-SYN006,SYN006,5,G06,project_activity
W05-SYN006,SYN006,5,G06,asked_for_help
W06-SYN006,SYN006,6,G06,attendance_recorded
W06-SYN006,SYN006,6,G06,concept_map_submitted
W06-SYN006,SYN006,6,G06,task_submitted
W06-SYN006,SYN006,6,G06,task_on_time
W06-SYN006,SYN006,6,G06,multiple_attempts
W06-SYN006,SYN006,6,G06,high_monday_activity
W06-SYN006,SYN006,6,G06,project_activity
W07-SYN006,SYN006,7,G06,attendance_recorded
W07-SYN006,SYN006,7,G06,concept_map_submitted
W07-SYN006,SYN006,7,G06,task_submitted
W07-SYN006,SYN006,7,G06,task_on_time
W07-SYN006,SYN006,7,G06,quiz_completed
W07-SYN006,SYN006,7,G06,quiz_high
W07-SYN006,SYN006,7,G06,multiple_attempts
W07-SYN006,SYN006,7,G06,high_monday_activity
W07-SYN006,SYN006,7,G06,practical_verified
W07-SYN006,SYN006,7,G06,project_activity
W07-SYN006,SYN006,7,G06,asked_for_help
W08-SYN006,SYN006,8,G06,attendance_recorded
W08-SYN006,SYN006,8,G06,concept_map_submitted
W08-SYN006,SYN006,8,G06,task_submitted
W08-SYN006,SYN006,8,G06,task_on_time
W08-SYN006,SYN006,8,G06,quiz_completed
W08-SYN006,SYN006,8,G06,high_monday_activity
W08-SYN006,SYN006,8,G06,practical_verified
W08-SYN006,SYN006,8,G06,project_activity
W08-SYN006,SYN006,8,G06,asked_for_help
W01-SYN007,SYN007,1,G09,attendance_recorded
W01-SYN007,SYN007,1,G09,concept_map_submitted
W01-SYN007,SYN007,1,G09,task_submitted
W01-SYN007,SYN007,1,G09,task_on_time
W01-SYN007,SYN007,1,G09,quiz_completed
W01-SYN007,SYN007,1,G09,quiz_high
W01-SYN007,SYN007,1,G09,multiple_attempts
W01-SYN007,SYN007,1,G09,practical_verified
W01-SYN007,SYN007,1,G09,asked_for_help
W02-SYN007,SYN007,2,G09,attendance_recorded
W02-SYN007,SYN007,2,G09,concept_map_submitted
W02-SYN007,SYN007,2,G09,task_submitted
W02-SYN007,SYN007,2,G09,task_on_time
W02-SYN007,SYN007,2,G09,low_monday_activity
W02-SYN007,SYN007,2,G09,practical_verified
W02-SYN007,SYN007,2,G09,project_activity
W03-SYN007,SYN007,3,G09,attendance_recorded
W03-SYN007,SYN007,3,G09,concept_map_submitted
W03-SYN007,SYN007,3,G09,quiz_completed
W03-SYN007,SYN007,3,G09,quiz_high
W03-SYN007,SYN007,3,G09,high_monday_activity
W03-SYN007,SYN007,3,G09,practical_verified
W04-SYN007,SYN007,4,G09,attendance_recorded
W04-SYN007,SYN007,4,G09,task_submitted
W04-SYN007,SYN007,4,G09,task_late
W04-SYN007,SYN007,4,G09,quiz_completed
W04-SYN007,SYN007,4,G09,multiple_attempts
W04-SYN007,SYN007,4,G09,low_monday_activity
W04-SYN007,SYN007,4,G09,practical_verified
W04-SYN007,SYN007,4,G09,asked_for_help
W05-SYN007,SYN007,5,G09,attendance_recorded
W05-SYN007,SYN007,5,G09,quiz_completed
W05-SYN007,SYN007,5,G09,quiz_high
W05-SYN007,SYN007,5,G09,high_monday_activity
W05-SYN007,SYN007,5,G09,practical_verified
W05-SYN007,SYN007,5,G09,project_activity
W06-SYN007,SYN007,6,G09,concept_map_submitted
W06-SYN007,SYN007,6,G09,quiz_completed
W06-SYN007,SYN007,6,G09,quiz_low
W06-SYN007,SYN007,6,G09,multiple_attempts
W06-SYN007,SYN007,6,G09,practical_verified
W06-SYN007,SYN007,6,G09,project_activity
W07-SYN007,SYN007,7,G09,attendance_recorded
W07-SYN007,SYN007,7,G09,concept_map_submitted
W07-SYN007,SYN007,7,G09,task_submitted
W07-SYN007,SYN007,7,G09,task_on_time
W07-SYN007,SYN007,7,G09,high_monday_activity
W07-SYN007,SYN007,7,G09,practical_verified
W07-SYN007,SYN007,7,G09,project_activity
W07-SYN007,SYN007,7,G09,asked_for_help
W08-SYN007,SYN007,8,G09,attendance_recorded
W08-SYN007,SYN007,8,G09,task_submitted
W08-SYN007,SYN007,8,G09,task_on_time
W08-SYN007,SYN007,8,G09,quiz_completed
W08-SYN007,SYN007,8,G09,high_monday_activity
W08-SYN007,SYN007,8,G09,practical_verified
W08-SYN007,SYN007,8,G09,project_activity
W01-SYN008,SYN008,1,G07,attendance_recorded
W01-SYN008,SYN008,1,G07,concept_map_submitted
W01-SYN008,SYN008,1,G07,task_submitted
W01-SYN008,SYN008,1,G07,task_on_time
W01-SYN008,SYN008,1,G07,quiz_completed
W01-SYN008,SYN008,1,G07,low_monday_activity
W01-SYN008,SYN008,1,G07,practical_verified
W02-SYN008,SYN008,2,G07,concept_map_submitted
W02-SYN008,SYN008,2,G07,task_submitted
W02-SYN008,SYN008,2,G07,task_late
W02-SYN008,SYN008,2,G07,quiz_completed
W02-SYN008,SYN008,2,G07,quiz_high
W02-SYN008,SYN008,2,G07,practical_verified
W03-SYN008,SYN008,3,G07,attendance_recorded
W03-SYN008,SYN008,3,G07,concept_map_submitted
W03-SYN008,SYN008,3,G07,task_submitted
W03-SYN008,SYN008,3,G07,task_late
W03-SYN008,SYN008,3,G07,quiz_completed
W03-SYN008,SYN008,3,G07,practical_verified
W03-SYN008,SYN008,3,G07,project_activity
W04-SYN008,SYN008,4,G07,attendance_recorded
W04-SYN008,SYN008,4,G07,concept_map_submitted
W04-SYN008,SYN008,4,G07,task_submitted
W04-SYN008,SYN008,4,G07,task_on_time
W04-SYN008,SYN008,4,G07,quiz_completed
W04-SYN008,SYN008,4,G07,quiz_high
W04-SYN008,SYN008,4,G07,low_monday_activity
W04-SYN008,SYN008,4,G07,practical_verified
W04-SYN008,SYN008,4,G07,project_activity
W05-SYN008,SYN008,5,G07,concept_map_submitted
W05-SYN008,SYN008,5,G07,task_submitted
W05-SYN008,SYN008,5,G07,task_on_time
W05-SYN008,SYN008,5,G07,multiple_attempts
W05-SYN008,SYN008,5,G07,practical_verified
W06-SYN008,SYN008,6,G07,attendance_recorded
W06-SYN008,SYN008,6,G07,concept_map_submitted
W06-SYN008,SYN008,6,G07,task_submitted
W06-SYN008,SYN008,6,G07,task_on_time
W06-SYN008,SYN008,6,G07,quiz_completed
W06-SYN008,SYN008,6,G07,quiz_high
W06-SYN008,SYN008,6,G07,low_monday_activity
W06-SYN008,SYN008,6,G07,practical_verified
W06-SYN008,SYN008,6,G07,project_activity
W07-SYN008,SYN008,7,G07,concept_map_submitted
W07-SYN008,SYN008,7,G07,task_submitted
W07-SYN008,SYN008,7,G07,task_on_time
W07-SYN008,SYN008,7,G07,practical_verified
W08-SYN008,SYN008,8,G07,concept_map_submitted
W08-SYN008,SYN008,8,G07,project_activity
W01-SYN009,SYN009,1,G08,attendance_recorded
W01-SYN009,SYN009,1,G08,concept_map_submitted
W01-SYN009,SYN009,1,G08,high_monday_activity
W01-SYN009,SYN009,1,G08,asked_for_help
W02-SYN009,SYN009,2,G08,attendance_recorded
W02-SYN009,SYN009,2,G08,concept_map_submitted
W02-SYN009,SYN009,2,G08,task_submitted
W02-SYN009,SYN009,2,G08,task_on_time
W02-SYN009,SYN009,2,G08,quiz_completed
W02-SYN009,SYN009,2,G08,quiz_high
W02-SYN009,SYN009,2,G08,high_monday_activity
W02-SYN009,SYN009,2,G08,practical_verified
W03-SYN009,SYN009,3,G08,attendance_recorded
W03-SYN009,SYN009,3,G08,concept_map_submitted
W03-SYN009,SYN009,3,G08,task_submitted
W03-SYN009,SYN009,3,G08,task_on_time
W03-SYN009,SYN009,3,G08,multiple_attempts
W03-SYN009,SYN009,3,G08,high_monday_activity
W03-SYN009,SYN009,3,G08,practical_verified
W03-SYN009,SYN009,3,G08,project_activity
W04-SYN009,SYN009,4,G08,attendance_recorded
W04-SYN009,SYN009,4,G08,concept_map_submitted
W04-SYN009,SYN009,4,G08,task_submitted
W04-SYN009,SYN009,4,G08,task_on_time
W04-SYN009,SYN009,4,G08,high_monday_activity
W04-SYN009,SYN009,4,G08,project_activity
W05-SYN009,SYN009,5,G08,attendance_recorded
W05-SYN009,SYN009,5,G08,concept_map_submitted
W05-SYN009,SYN009,5,G08,task_submitted
W05-SYN009,SYN009,5,G08,task_on_time
W05-SYN009,SYN009,5,G08,quiz_completed
W05-SYN009,SYN009,5,G08,quiz_high
W05-SYN009,SYN009,5,G08,multiple_attempts
W05-SYN009,SYN009,5,G08,high_monday_activity
W05-SYN009,SYN009,5,G08,practical_verified
W05-SYN009,SYN009,5,G08,asked_for_help
W06-SYN009,SYN009,6,G08,attendance_recorded
W06-SYN009,SYN009,6,G08,concept_map_submitted
W06-SYN009,SYN009,6,G08,task_submitted
W06-SYN009,SYN009,6,G08,task_on_time
W06-SYN009,SYN009,6,G08,quiz_completed
W06-SYN009,SYN009,6,G08,high_monday_activity
W06-SYN009,SYN009,6,G08,practical_verified
W07-SYN009,SYN009,7,G08,attendance_recorded
W07-SYN009,SYN009,7,G08,concept_map_submitted
W07-SYN009,SYN009,7,G08,quiz_completed
W07-SYN009,SYN009,7,G08,quiz_high
W07-SYN009,SYN009,7,G08,high_monday_activity
W07-SYN009,SYN009,7,G08,project_activity
W08-SYN009,SYN009,8,G08,attendance_recorded
W08-SYN009,SYN009,8,G08,concept_map_submitted
W08-SYN009,SYN009,8,G08,task_submitted
W08-SYN009,SYN009,8,G08,task_on_time
W08-SYN009,SYN009,8,G08,quiz_completed
W08-SYN009,SYN009,8,G08,quiz_high
W08-SYN009,SYN009,8,G08,multiple_attempts
W08-SYN009,SYN009,8,G08,high_monday_activity
W08-SYN009,SYN009,8,G08,practical_verified
W08-SYN009,SYN009,8,G08,project_activity
W01-SYN010,SYN010,1,G04,attendance_recorded
W01-SYN010,SYN010,1,G04,task_submitted
W01-SYN010,SYN010,1,G04,task_on_time
W01-SYN010,SYN010,1,G04,quiz_completed
W01-SYN010,SYN010,1,G04,quiz_high
W01-SYN010,SYN010,1,G04,high_monday_activity
W01-SYN010,SYN010,1,G04,practical_verified
W01-SYN010,SYN010,1,G04,asked_for_help
W02-SYN010,SYN010,2,G04,attendance_recorded
W02-SYN010,SYN010,2,G04,concept_map_submitted
W02-SYN010,SYN010,2,G04,quiz_completed
W02-SYN010,SYN010,2,G04,quiz_high
W02-SYN010,SYN010,2,G04,low_monday_activity
W02-SYN010,SYN010,2,G04,practical_verified
W03-SYN010,SYN010,3,G04,attendance_recorded
W03-SYN010,SYN010,3,G04,concept_map_submitted
W03-SYN010,SYN010,3,G04,quiz_completed
W03-SYN010,SYN010,3,G04,high_monday_activity
W03-SYN010,SYN010,3,G04,practical_verified
W03-SYN010,SYN010,3,G04,project_activity
W04-SYN010,SYN010,4,G04,attendance_recorded
W04-SYN010,SYN010,4,G04,concept_map_submitted
W04-SYN010,SYN010,4,G04,task_submitted
W04-SYN010,SYN010,4,G04,task_on_time
W04-SYN010,SYN010,4,G04,quiz_completed
W04-SYN010,SYN010,4,G04,quiz_high
W04-SYN010,SYN010,4,G04,high_monday_activity
W04-SYN010,SYN010,4,G04,project_activity
W04-SYN010,SYN010,4,G04,asked_for_help
W05-SYN010,SYN010,5,G04,concept_map_submitted
W05-SYN010,SYN010,5,G04,task_submitted
W05-SYN010,SYN010,5,G04,task_on_time
W05-SYN010,SYN010,5,G04,quiz_completed
W05-SYN010,SYN010,5,G04,quiz_high
W05-SYN010,SYN010,5,G04,project_activity
W06-SYN010,SYN010,6,G04,attendance_recorded
W06-SYN010,SYN010,6,G04,concept_map_submitted
W06-SYN010,SYN010,6,G04,task_submitted
W06-SYN010,SYN010,6,G04,task_on_time
W06-SYN010,SYN010,6,G04,quiz_completed
W06-SYN010,SYN010,6,G04,project_activity
W07-SYN010,SYN010,7,G04,attendance_recorded
W07-SYN010,SYN010,7,G04,concept_map_submitted
W07-SYN010,SYN010,7,G04,task_submitted
W07-SYN010,SYN010,7,G04,task_on_time
W07-SYN010,SYN010,7,G04,quiz_completed
W07-SYN010,SYN010,7,G04,quiz_high
W07-SYN010,SYN010,7,G04,high_monday_activity
W07-SYN010,SYN010,7,G04,practical_verified
W07-SYN010,SYN010,7,G04,project_activity
W07-SYN010,SYN010,7,G04,asked_for_help
W08-SYN010,SYN010,8,G04,attendance_recorded
W08-SYN010,SYN010,8,G04,concept_map_submitted
W08-SYN010,SYN010,8,G04,task_submitted
W08-SYN010,SYN010,8,G04,task_on_time
W08-SYN010,SYN010,8,G04,quiz_completed
W08-SYN010,SYN010,8,G04,quiz_high
W08-SYN010,SYN010,8,G04,high_monday_activity
W08-SYN010,SYN010,8,G04,practical_verified
W08-SYN010,SYN010,8,G04,project_activity
W08-SYN010,SYN010,8,G04,asked_for_help
W01-SYN011,SYN011,1,G07,concept_map_submitted
W01-SYN011,SYN011,1,G07,task_submitted
W01-SYN011,SYN011,1,G07,task_late
W01-SYN011,SYN011,1,G07,quiz_completed
W01-SYN011,SYN011,1,G07,quiz_high
W01-SYN011,SYN011,1,G07,practical_verified
W01-SYN011,SYN011,1,G07,asked_for_help
W02-SYN011,SYN011,2,G07,concept_map_submitted
W02-SYN011,SYN011,2,G07,task_submitted
W02-SYN011,SYN011,2,G07,task_on_time
W02-SYN011,SYN011,2,G07,quiz_completed
W02-SYN011,SYN011,2,G07,quiz_high
W02-SYN011,SYN011,2,G07,project_activity
W03-SYN011,SYN011,3,G07,attendance_recorded
W03-SYN011,SYN011,3,G07,concept_map_submitted
W03-SYN011,SYN011,3,G07,task_submitted
W03-SYN011,SYN011,3,G07,task_on_time
W03-SYN011,SYN011,3,G07,multiple_attempts
W03-SYN011,SYN011,3,G07,practical_verified
W03-SYN011,SYN011,3,G07,project_activity
W04-SYN011,SYN011,4,G07,attendance_recorded
W04-SYN011,SYN011,4,G07,concept_map_submitted
W04-SYN011,SYN011,4,G07,task_submitted
W04-SYN011,SYN011,4,G07,task_late
W04-SYN011,SYN011,4,G07,quiz_completed
W04-SYN011,SYN011,4,G07,quiz_high
W04-SYN011,SYN011,4,G07,multiple_attempts
W04-SYN011,SYN011,4,G07,low_monday_activity
W04-SYN011,SYN011,4,G07,practical_verified
W04-SYN011,SYN011,4,G07,project_activity
W04-SYN011,SYN011,4,G07,asked_for_help
W05-SYN011,SYN011,5,G07,attendance_recorded
W05-SYN011,SYN011,5,G07,concept_map_submitted
W05-SYN011,SYN011,5,G07,task_submitted
W05-SYN011,SYN011,5,G07,task_on_time
W05-SYN011,SYN011,5,G07,practical_verified
W05-SYN011,SYN011,5,G07,project_activity
W05-SYN011,SYN011,5,G07,asked_for_help
W06-SYN011,SYN011,6,G07,attendance_recorded
W06-SYN011,SYN011,6,G07,concept_map_submitted
W06-SYN011,SYN011,6,G07,task_submitted
W06-SYN011,SYN011,6,G07,task_on_time
W06-SYN011,SYN011,6,G07,quiz_completed
W06-SYN011,SYN011,6,G07,quiz_high
W06-SYN011,SYN011,6,G07,low_monday_activity
W06-SYN011,SYN011,6,G07,practical_verified
W06-SYN011,SYN011,6,G07,project_activity
W07-SYN011,SYN011,7,G07,attendance_recorded
W07-SYN011,SYN011,7,G07,quiz_completed
W07-SYN011,SYN011,7,G07,quiz_high
W07-SYN011,SYN011,7,G07,low_monday_activity
W07-SYN011,SYN011,7,G07,practical_verified
W07-SYN011,SYN011,7,G07,asked_for_help
W08-SYN011,SYN011,8,G07,attendance_recorded
W08-SYN011,SYN011,8,G07,concept_map_submitted
W08-SYN011,SYN011,8,G07,quiz_completed
W08-SYN011,SYN011,8,G07,quiz_high
W08-SYN011,SYN011,8,G07,practical_verified
W08-SYN011,SYN011,8,G07,project_activity
W01-SYN012,SYN012,1,G09,attendance_recorded
W01-SYN012,SYN012,1,G09,concept_map_submitted
W01-SYN012,SYN012,1,G09,quiz_completed
W01-SYN012,SYN012,1,G09,quiz_high
W01-SYN012,SYN012,1,G09,multiple_attempts
W01-SYN012,SYN012,1,G09,low_monday_activity
W01-SYN012,SYN012,1,G09,project_activity
W01-SYN012,SYN012,1,G09,asked_for_help
W02-SYN012,SYN012,2,G09,attendance_recorded
W02-SYN012,SYN012,2,G09,quiz_completed
W02-SYN012,SYN012,2,G09,project_activity
W03-SYN012,SYN012,3,G09,attendance_recorded
W03-SYN012,SYN012,3,G09,task_submitted
W03-SYN012,SYN012,3,G09,task_late
W03-SYN012,SYN012,3,G09,quiz_completed
W03-SYN012,SYN012,3,G09,multiple_attempts
W03-SYN012,SYN012,3,G09,low_monday_activity
W03-SYN012,SYN012,3,G09,practical_verified
W03-SYN012,SYN012,3,G09,project_activity
W03-SYN012,SYN012,3,G09,asked_for_help
W04-SYN012,SYN012,4,G09,quiz_completed
W04-SYN012,SYN012,4,G09,quiz_high
W05-SYN012,SYN012,5,G09,concept_map_submitted
W05-SYN012,SYN012,5,G09,task_submitted
W05-SYN012,SYN012,5,G09,task_late
W05-SYN012,SYN012,5,G09,quiz_completed
W05-SYN012,SYN012,5,G09,quiz_low
W05-SYN012,SYN012,5,G09,practical_verified
W05-SYN012,SYN012,5,G09,project_activity
W06-SYN012,SYN012,6,G09,attendance_recorded
W06-SYN012,SYN012,6,G09,quiz_completed
W06-SYN012,SYN012,6,G09,quiz_low
W06-SYN012,SYN012,6,G09,multiple_attempts
W06-SYN012,SYN012,6,G09,practical_verified
W06-SYN012,SYN012,6,G09,project_activity
W07-SYN012,SYN012,7,G09,attendance_recorded
W07-SYN012,SYN012,7,G09,practical_verified
W07-SYN012,SYN012,7,G09,asked_for_help
W08-SYN012,SYN012,8,G09,attendance_recorded
W08-SYN012,SYN012,8,G09,concept_map_submitted
W08-SYN012,SYN012,8,G09,task_submitted
W08-SYN012,SYN012,8,G09,task_on_time
W08-SYN012,SYN012,8,G09,high_monday_activity
W08-SYN012,SYN012,8,G09,project_activity
W01-SYN013,SYN013,1,G06,attendance_recorded
W01-SYN013,SYN013,1,G06,task_submitted
W01-SYN013,SYN013,1,G06,task_late
W01-SYN013,SYN013,1,G06,quiz_completed
W01-SYN013,SYN013,1,G06,multiple_attempts
W01-SYN013,SYN013,1,G06,high_monday_activity
W01-SYN013,SYN013,1,G06,practical_verified
W01-SYN013,SYN013,1,G06,project_activity
W01-SYN013,SYN013,1,G06,asked_for_help
W02-SYN013,SYN013,2,G06,attendance_recorded
W02-SYN013,SYN013,2,G06,quiz_completed
W02-SYN013,SYN013,2,G06,high_monday_activity
W02-SYN013,SYN013,2,G06,practical_verified
W02-SYN013,SYN013,2,G06,project_activity
W03-SYN013,SYN013,3,G06,attendance_recorded
W03-SYN013,SYN013,3,G06,quiz_completed
W03-SYN013,SYN013,3,G06,quiz_high
W03-SYN013,SYN013,3,G06,multiple_attempts
W03-SYN013,SYN013,3,G06,high_monday_activity
W03-SYN013,SYN013,3,G06,practical_verified
W04-SYN013,SYN013,4,G06,attendance_recorded
W04-SYN013,SYN013,4,G06,concept_map_submitted
W04-SYN013,SYN013,4,G06,task_submitted
W04-SYN013,SYN013,4,G06,task_late
W04-SYN013,SYN013,4,G06,quiz_completed
W04-SYN013,SYN013,4,G06,quiz_high
W04-SYN013,SYN013,4,G06,multiple_attempts
W04-SYN013,SYN013,4,G06,high_monday_activity
W04-SYN013,SYN013,4,G06,practical_verified
W04-SYN013,SYN013,4,G06,project_activity
W05-SYN013,SYN013,5,G06,attendance_recorded
W05-SYN013,SYN013,5,G06,concept_map_submitted
W05-SYN013,SYN013,5,G06,task_submitted
W05-SYN013,SYN013,5,G06,task_late
W05-SYN013,SYN013,5,G06,multiple_attempts
W05-SYN013,SYN013,5,G06,high_monday_activity
W05-SYN013,SYN013,5,G06,practical_verified
W06-SYN013,SYN013,6,G06,attendance_recorded
W06-SYN013,SYN013,6,G06,concept_map_submitted
W06-SYN013,SYN013,6,G06,task_submitted
W06-SYN013,SYN013,6,G06,task_on_time
W06-SYN013,SYN013,6,G06,multiple_attempts
W07-SYN013,SYN013,7,G06,concept_map_submitted
W07-SYN013,SYN013,7,G06,task_submitted
W07-SYN013,SYN013,7,G06,task_on_time
W07-SYN013,SYN013,7,G06,asked_for_help
W08-SYN013,SYN013,8,G06,attendance_recorded
W08-SYN013,SYN013,8,G06,task_submitted
W08-SYN013,SYN013,8,G06,task_on_time
W08-SYN013,SYN013,8,G06,quiz_completed
W08-SYN013,SYN013,8,G06,high_monday_activity
W08-SYN013,SYN013,8,G06,practical_verified
W08-SYN013,SYN013,8,G06,project_activity
W08-SYN013,SYN013,8,G06,asked_for_help
W01-SYN014,SYN014,1,G02,attendance_recorded
W01-SYN014,SYN014,1,G02,task_submitted
W01-SYN014,SYN014,1,G02,task_on_time
W01-SYN014,SYN014,1,G02,quiz_completed
W01-SYN014,SYN014,1,G02,quiz_high
W01-SYN014,SYN014,1,G02,high_monday_activity
W01-SYN014,SYN014,1,G02,practical_verified
W01-SYN014,SYN014,1,G02,project_activity
W02-SYN014,SYN014,2,G02,attendance_recorded
W02-SYN014,SYN014,2,G02,concept_map_submitted
W02-SYN014,SYN014,2,G02,task_submitted
W02-SYN014,SYN014,2,G02,task_late
W02-SYN014,SYN014,2,G02,quiz_completed
W02-SYN014,SYN014,2,G02,quiz_high
W02-SYN014,SYN014,2,G02,practical_verified
W02-SYN014,SYN014,2,G02,project_activity
W03-SYN014,SYN014,3,G02,attendance_recorded
W03-SYN014,SYN014,3,G02,concept_map_submitted
W03-SYN014,SYN014,3,G02,task_submitted
W03-SYN014,SYN014,3,G02,task_on_time
W03-SYN014,SYN014,3,G02,quiz_completed
W03-SYN014,SYN014,3,G02,quiz_high
W03-SYN014,SYN014,3,G02,high_monday_activity
W03-SYN014,SYN014,3,G02,project_activity
W04-SYN014,SYN014,4,G02,concept_map_submitted
W04-SYN014,SYN014,4,G02,task_submitted
W04-SYN014,SYN014,4,G02,task_on_time
W04-SYN014,SYN014,4,G02,quiz_completed
W04-SYN014,SYN014,4,G02,quiz_high
W04-SYN014,SYN014,4,G02,practical_verified
W05-SYN014,SYN014,5,G02,task_submitted
W05-SYN014,SYN014,5,G02,task_on_time
W05-SYN014,SYN014,5,G02,multiple_attempts
W06-SYN014,SYN014,6,G02,attendance_recorded
W06-SYN014,SYN014,6,G02,concept_map_submitted
W06-SYN014,SYN014,6,G02,quiz_completed
W06-SYN014,SYN014,6,G02,quiz_high
W06-SYN014,SYN014,6,G02,multiple_attempts
W06-SYN014,SYN014,6,G02,high_monday_activity
W06-SYN014,SYN014,6,G02,practical_verified
W06-SYN014,SYN014,6,G02,asked_for_help
W07-SYN014,SYN014,7,G02,attendance_recorded
W07-SYN014,SYN014,7,G02,concept_map_submitted
W07-SYN014,SYN014,7,G02,task_submitted
W07-SYN014,SYN014,7,G02,task_on_time
W07-SYN014,SYN014,7,G02,quiz_completed
W07-SYN014,SYN014,7,G02,quiz_high
W07-SYN014,SYN014,7,G02,high_monday_activity
W07-SYN014,SYN014,7,G02,practical_verified
W07-SYN014,SYN014,7,G02,project_activity
W07-SYN014,SYN014,7,G02,asked_for_help
W08-SYN014,SYN014,8,G02,attendance_recorded
W08-SYN014,SYN014,8,G02,concept_map_submitted
W08-SYN014,SYN014,8,G02,quiz_completed
W08-SYN014,SYN014,8,G02,high_monday_activity
W01-SYN015,SYN015,1,G08,attendance_recorded
W01-SYN015,SYN015,1,G08,concept_map_submitted
W01-SYN015,SYN015,1,G08,quiz_completed
W01-SYN015,SYN015,1,G08,quiz_high
W01-SYN015,SYN015,1,G08,multiple_attempts
W01-SYN015,SYN015,1,G08,high_monday_activity
W01-SYN015,SYN015,1,G08,practical_verified
W01-SYN015,SYN015,1,G08,asked_for_help
W02-SYN015,SYN015,2,G08,attendance_recorded
W02-SYN015,SYN015,2,G08,concept_map_submitted
W02-SYN015,SYN015,2,G08,task_submitted
W02-SYN015,SYN015,2,G08,task_on_time
W02-SYN015,SYN015,2,G08,multiple_attempts
W02-SYN015,SYN015,2,G08,high_monday_activity
W02-SYN015,SYN015,2,G08,practical_verified
W03-SYN015,SYN015,3,G08,attendance_recorded
W03-SYN015,SYN015,3,G08,concept_map_submitted
W03-SYN015,SYN015,3,G08,quiz_completed
W03-SYN015,SYN015,3,G08,quiz_high
W03-SYN015,SYN015,3,G08,multiple_attempts
W03-SYN015,SYN015,3,G08,high_monday_activity
W03-SYN015,SYN015,3,G08,project_activity
W04-SYN015,SYN015,4,G08,attendance_recorded
W04-SYN015,SYN015,4,G08,concept_map_submitted
W04-SYN015,SYN015,4,G08,quiz_completed
W04-SYN015,SYN015,4,G08,quiz_high
W04-SYN015,SYN015,4,G08,high_monday_activity
W04-SYN015,SYN015,4,G08,project_activity
W05-SYN015,SYN015,5,G08,attendance_recorded
W05-SYN015,SYN015,5,G08,concept_map_submitted
W05-SYN015,SYN015,5,G08,quiz_completed
W05-SYN015,SYN015,5,G08,high_monday_activity
W05-SYN015,SYN015,5,G08,project_activity
W06-SYN015,SYN015,6,G08,attendance_recorded
W06-SYN015,SYN015,6,G08,concept_map_submitted
W06-SYN015,SYN015,6,G08,quiz_completed
W06-SYN015,SYN015,6,G08,high_monday_activity
W06-SYN015,SYN015,6,G08,practical_verified
W07-SYN015,SYN015,7,G08,attendance_recorded
W07-SYN015,SYN015,7,G08,task_submitted
W07-SYN015,SYN015,7,G08,task_late
W07-SYN015,SYN015,7,G08,quiz_completed
W07-SYN015,SYN015,7,G08,quiz_low
W07-SYN015,SYN015,7,G08,multiple_attempts
W07-SYN015,SYN015,7,G08,high_monday_activity
W07-SYN015,SYN015,7,G08,practical_verified
W07-SYN015,SYN015,7,G08,asked_for_help
W08-SYN015,SYN015,8,G08,concept_map_submitted
W08-SYN015,SYN015,8,G08,task_submitted
W08-SYN015,SYN015,8,G08,task_on_time
W08-SYN015,SYN015,8,G08,quiz_completed
W08-SYN015,SYN015,8,G08,quiz_high
W08-SYN015,SYN015,8,G08,practical_verified
W01-SYN016,SYN016,1,G01,attendance_recorded
W01-SYN016,SYN016,1,G01,concept_map_submitted
W01-SYN016,SYN016,1,G01,task_submitted
W01-SYN016,SYN016,1,G01,task_on_time
W01-SYN016,SYN016,1,G01,quiz_completed
W01-SYN016,SYN016,1,G01,quiz_low
W01-SYN016,SYN016,1,G01,multiple_attempts
W01-SYN016,SYN016,1,G01,low_monday_activity
W01-SYN016,SYN016,1,G01,practical_verified
W01-SYN016,SYN016,1,G01,project_activity
W01-SYN016,SYN016,1,G01,asked_for_help
W02-SYN016,SYN016,2,G01,attendance_recorded
W02-SYN016,SYN016,2,G01,concept_map_submitted
W02-SYN016,SYN016,2,G01,task_submitted
W02-SYN016,SYN016,2,G01,task_on_time
W02-SYN016,SYN016,2,G01,quiz_completed
W02-SYN016,SYN016,2,G01,low_monday_activity
W02-SYN016,SYN016,2,G01,practical_verified
W02-SYN016,SYN016,2,G01,project_activity
W03-SYN016,SYN016,3,G01,attendance_recorded
W03-SYN016,SYN016,3,G01,concept_map_submitted
W03-SYN016,SYN016,3,G01,task_submitted
W03-SYN016,SYN016,3,G01,task_late
W03-SYN016,SYN016,3,G01,quiz_completed
W03-SYN016,SYN016,3,G01,quiz_low
W03-SYN016,SYN016,3,G01,low_monday_activity
W03-SYN016,SYN016,3,G01,practical_verified
W04-SYN016,SYN016,4,G01,minimal_recorded_activity
W05-SYN016,SYN016,5,G01,concept_map_submitted
W05-SYN016,SYN016,5,G01,task_submitted
W05-SYN016,SYN016,5,G01,task_on_time
W05-SYN016,SYN016,5,G01,project_activity
W06-SYN016,SYN016,6,G01,attendance_recorded
W06-SYN016,SYN016,6,G01,quiz_completed
W06-SYN016,SYN016,6,G01,low_monday_activity
W06-SYN016,SYN016,6,G01,project_activity
W07-SYN016,SYN016,7,G01,concept_map_submitted
W07-SYN016,SYN016,7,G01,task_submitted
W07-SYN016,SYN016,7,G01,task_late
W07-SYN016,SYN016,7,G01,multiple_attempts
W07-SYN016,SYN016,7,G01,practical_verified
W08-SYN016,SYN016,8,G01,attendance_recorded
W08-SYN016,SYN016,8,G01,concept_map_submitted
W08-SYN016,SYN016,8,G01,multiple_attempts
W08-SYN016,SYN016,8,G01,low_monday_activity
W01-SYN017,SYN017,1,G09,concept_map_submitted
W01-SYN017,SYN017,1,G09,task_submitted
W01-SYN017,SYN017,1,G09,task_on_time
W01-SYN017,SYN017,1,G09,asked_for_help
W02-SYN017,SYN017,2,G09,attendance_recorded
W02-SYN017,SYN017,2,G09,concept_map_submitted
W02-SYN017,SYN017,2,G09,task_submitted
W02-SYN017,SYN017,2,G09,task_on_time
W02-SYN017,SYN017,2,G09,high_monday_activity
W02-SYN017,SYN017,2,G09,practical_verified
W03-SYN017,SYN017,3,G09,concept_map_submitted
W03-SYN017,SYN017,3,G09,task_submitted
W03-SYN017,SYN017,3,G09,task_on_time
W03-SYN017,SYN017,3,G09,practical_verified
W04-SYN017,SYN017,4,G09,attendance_recorded
W04-SYN017,SYN017,4,G09,concept_map_submitted
W04-SYN017,SYN017,4,G09,task_submitted
W04-SYN017,SYN017,4,G09,task_on_time
W04-SYN017,SYN017,4,G09,quiz_completed
W04-SYN017,SYN017,4,G09,quiz_high
W04-SYN017,SYN017,4,G09,high_monday_activity
W04-SYN017,SYN017,4,G09,practical_verified
W04-SYN017,SYN017,4,G09,project_activity
W05-SYN017,SYN017,5,G09,attendance_recorded
W05-SYN017,SYN017,5,G09,concept_map_submitted
W05-SYN017,SYN017,5,G09,task_submitted
W05-SYN017,SYN017,5,G09,task_on_time
W05-SYN017,SYN017,5,G09,quiz_completed
W05-SYN017,SYN017,5,G09,quiz_high
W05-SYN017,SYN017,5,G09,high_monday_activity
W05-SYN017,SYN017,5,G09,practical_verified
W05-SYN017,SYN017,5,G09,project_activity
W06-SYN017,SYN017,6,G09,attendance_recorded
W06-SYN017,SYN017,6,G09,concept_map_submitted
W06-SYN017,SYN017,6,G09,task_submitted
W06-SYN017,SYN017,6,G09,task_on_time
W06-SYN017,SYN017,6,G09,quiz_completed
W06-SYN017,SYN017,6,G09,quiz_high
W06-SYN017,SYN017,6,G09,high_monday_activity
W06-SYN017,SYN017,6,G09,practical_verified
W06-SYN017,SYN017,6,G09,project_activity
W07-SYN017,SYN017,7,G09,attendance_recorded
W07-SYN017,SYN017,7,G09,concept_map_submitted
W07-SYN017,SYN017,7,G09,task_submitted
W07-SYN017,SYN017,7,G09,task_late
W07-SYN017,SYN017,7,G09,quiz_completed
W07-SYN017,SYN017,7,G09,quiz_high
W07-SYN017,SYN017,7,G09,high_monday_activity
W07-SYN017,SYN017,7,G09,practical_verified
W07-SYN017,SYN017,7,G09,project_activity
W08-SYN017,SYN017,8,G09,concept_map_submitted
W08-SYN017,SYN017,8,G09,task_submitted
W08-SYN017,SYN017,8,G09,task_on_time
W08-SYN017,SYN017,8,G09,practical_verified
W08-SYN017,SYN017,8,G09,project_activity
W01-SYN018,SYN018,1,G02,attendance_recorded
W01-SYN018,SYN018,1,G02,concept_map_submitted
W01-SYN018,SYN018,1,G02,quiz_completed
W01-SYN018,SYN018,1,G02,quiz_high
W01-SYN018,SYN018,1,G02,multiple_attempts
W01-SYN018,SYN018,1,G02,low_monday_activity
W01-SYN018,SYN018,1,G02,project_activity
W02-SYN018,SYN018,2,G02,attendance_recorded
W02-SYN018,SYN018,2,G02,concept_map_submitted
W02-SYN018,SYN018,2,G02,task_submitted
W02-SYN018,SYN018,2,G02,task_on_time
W02-SYN018,SYN018,2,G02,quiz_completed
W02-SYN018,SYN018,2,G02,quiz_low
W02-SYN018,SYN018,2,G02,multiple_attempts
W02-SYN018,SYN018,2,G02,practical_verified
W02-SYN018,SYN018,2,G02,project_activity
W03-SYN018,SYN018,3,G02,concept_map_submitted
W03-SYN018,SYN018,3,G02,task_submitted
W03-SYN018,SYN018,3,G02,task_on_time
W03-SYN018,SYN018,3,G02,quiz_completed
W03-SYN018,SYN018,3,G02,practical_verified
W03-SYN018,SYN018,3,G02,project_activity
W04-SYN018,SYN018,4,G02,attendance_recorded
W04-SYN018,SYN018,4,G02,task_submitted
W04-SYN018,SYN018,4,G02,task_on_time
W04-SYN018,SYN018,4,G02,low_monday_activity
W04-SYN018,SYN018,4,G02,practical_verified
W05-SYN018,SYN018,5,G02,attendance_recorded
W05-SYN018,SYN018,5,G02,concept_map_submitted
W05-SYN018,SYN018,5,G02,task_submitted
W05-SYN018,SYN018,5,G02,task_on_time
W05-SYN018,SYN018,5,G02,quiz_completed
W05-SYN018,SYN018,5,G02,quiz_high
W06-SYN018,SYN018,6,G02,attendance_recorded
W06-SYN018,SYN018,6,G02,concept_map_submitted
W06-SYN018,SYN018,6,G02,task_submitted
W06-SYN018,SYN018,6,G02,task_on_time
W06-SYN018,SYN018,6,G02,quiz_completed
W06-SYN018,SYN018,6,G02,quiz_high
W06-SYN018,SYN018,6,G02,project_activity
W07-SYN018,SYN018,7,G02,concept_map_submitted
W07-SYN018,SYN018,7,G02,task_submitted
W07-SYN018,SYN018,7,G02,task_on_time
W07-SYN018,SYN018,7,G02,quiz_completed
W07-SYN018,SYN018,7,G02,multiple_attempts
W07-SYN018,SYN018,7,G02,practical_verified
W07-SYN018,SYN018,7,G02,asked_for_help
W08-SYN018,SYN018,8,G02,concept_map_submitted
W01-SYN019,SYN019,1,G06,attendance_recorded
W01-SYN019,SYN019,1,G06,concept_map_submitted
W01-SYN019,SYN019,1,G06,task_submitted
W01-SYN019,SYN019,1,G06,task_on_time
W01-SYN019,SYN019,1,G06,low_monday_activity
W01-SYN019,SYN019,1,G06,practical_verified
W01-SYN019,SYN019,1,G06,project_activity
W02-SYN019,SYN019,2,G06,attendance_recorded
W02-SYN019,SYN019,2,G06,concept_map_submitted
W02-SYN019,SYN019,2,G06,task_submitted
W02-SYN019,SYN019,2,G06,task_on_time
W02-SYN019,SYN019,2,G06,quiz_completed
W02-SYN019,SYN019,2,G06,multiple_attempts
W02-SYN019,SYN019,2,G06,low_monday_activity
W02-SYN019,SYN019,2,G06,practical_verified
W03-SYN019,SYN019,3,G06,attendance_recorded
W03-SYN019,SYN019,3,G06,concept_map_submitted
W03-SYN019,SYN019,3,G06,task_submitted
W03-SYN019,SYN019,3,G06,task_on_time
W03-SYN019,SYN019,3,G06,quiz_completed
W03-SYN019,SYN019,3,G06,high_monday_activity
W03-SYN019,SYN019,3,G06,practical_verified
W03-SYN019,SYN019,3,G06,project_activity
W04-SYN019,SYN019,4,G06,concept_map_submitted
W04-SYN019,SYN019,4,G06,task_submitted
W04-SYN019,SYN019,4,G06,task_on_time
W04-SYN019,SYN019,4,G06,quiz_completed
W04-SYN019,SYN019,4,G06,quiz_high
W04-SYN019,SYN019,4,G06,practical_verified
W05-SYN019,SYN019,5,G06,concept_map_submitted
W05-SYN019,SYN019,5,G06,task_submitted
W05-SYN019,SYN019,5,G06,task_late
W05-SYN019,SYN019,5,G06,multiple_attempts
W05-SYN019,SYN019,5,G06,practical_verified
W06-SYN019,SYN019,6,G06,concept_map_submitted
W06-SYN019,SYN019,6,G06,task_submitted
W06-SYN019,SYN019,6,G06,task_on_time
W06-SYN019,SYN019,6,G06,multiple_attempts
W06-SYN019,SYN019,6,G06,practical_verified
W07-SYN019,SYN019,7,G06,attendance_recorded
W07-SYN019,SYN019,7,G06,concept_map_submitted
W07-SYN019,SYN019,7,G06,task_submitted
W07-SYN019,SYN019,7,G06,task_on_time
W07-SYN019,SYN019,7,G06,multiple_attempts
W07-SYN019,SYN019,7,G06,project_activity
W08-SYN019,SYN019,8,G06,attendance_recorded
W08-SYN019,SYN019,8,G06,concept_map_submitted
W08-SYN019,SYN019,8,G06,task_submitted
W08-SYN019,SYN019,8,G06,task_on_time
W08-SYN019,SYN019,8,G06,multiple_attempts
W01-SYN020,SYN020,1,G08,attendance_recorded
W01-SYN020,SYN020,1,G08,concept_map_submitted
W01-SYN020,SYN020,1,G08,quiz_completed
W01-SYN020,SYN020,1,G08,practical_verified
W01-SYN020,SYN020,1,G08,project_activity
W01-SYN020,SYN020,1,G08,asked_for_help
W02-SYN020,SYN020,2,G08,attendance_recorded
W02-SYN020,SYN020,2,G08,task_submitted
W02-SYN020,SYN020,2,G08,task_on_time
W02-SYN020,SYN020,2,G08,quiz_completed
W02-SYN020,SYN020,2,G08,quiz_low
W02-SYN020,SYN020,2,G08,high_monday_activity
W02-SYN020,SYN020,2,G08,project_activity
W02-SYN020,SYN020,2,G08,asked_for_help
W03-SYN020,SYN020,3,G08,attendance_recorded
W03-SYN020,SYN020,3,G08,concept_map_submitted
W03-SYN020,SYN020,3,G08,task_submitted
W03-SYN020,SYN020,3,G08,task_on_time
W03-SYN020,SYN020,3,G08,quiz_completed
W03-SYN020,SYN020,3,G08,quiz_low
W03-SYN020,SYN020,3,G08,low_monday_activity
W03-SYN020,SYN020,3,G08,practical_verified
W03-SYN020,SYN020,3,G08,project_activity
W03-SYN020,SYN020,3,G08,asked_for_help
W04-SYN020,SYN020,4,G08,attendance_recorded
W04-SYN020,SYN020,4,G08,task_submitted
W04-SYN020,SYN020,4,G08,task_late
W04-SYN020,SYN020,4,G08,quiz_completed
W04-SYN020,SYN020,4,G08,quiz_low
W04-SYN020,SYN020,4,G08,high_monday_activity
W04-SYN020,SYN020,4,G08,practical_verified
W04-SYN020,SYN020,4,G08,project_activity
W04-SYN020,SYN020,4,G08,asked_for_help
W05-SYN020,SYN020,5,G08,attendance_recorded
W05-SYN020,SYN020,5,G08,quiz_completed
W05-SYN020,SYN020,5,G08,project_activity
W06-SYN020,SYN020,6,G08,attendance_recorded
W06-SYN020,SYN020,6,G08,task_submitted
W06-SYN020,SYN020,6,G08,task_on_time
W06-SYN020,SYN020,6,G08,quiz_completed
W06-SYN020,SYN020,6,G08,project_activity
W06-SYN020,SYN020,6,G08,asked_for_help
W07-SYN020,SYN020,7,G08,concept_map_submitted
W07-SYN020,SYN020,7,G08,project_activity
W08-SYN020,SYN020,8,G08,attendance_recorded
W08-SYN020,SYN020,8,G08,concept_map_submitted
W08-SYN020,SYN020,8,G08,task_submitted
W08-SYN020,SYN020,8,G08,task_on_time
W08-SYN020,SYN020,8,G08,quiz_completed
W08-SYN020,SYN020,8,G08,multiple_attempts
W08-SYN020,SYN020,8,G08,practical_verified
W08-SYN020,SYN020,8,G08,project_activity
W08-SYN020,SYN020,8,G08,asked_for_help
W01-SYN021,SYN021,1,G01,attendance_recorded
W01-SYN021,SYN021,1,G01,task_submitted
W01-SYN021,SYN021,1,G01,task_late
W01-SYN021,SYN021,1,G01,quiz_completed
W01-SYN021,SYN021,1,G01,multiple_attempts
W01-SYN021,SYN021,1,G01,low_monday_activity
W01-SYN021,SYN021,1,G01,project_activity
W02-SYN021,SYN021,2,G01,attendance_recorded
W02-SYN021,SYN021,2,G01,task_submitted
W02-SYN021,SYN021,2,G01,task_late
W02-SYN021,SYN021,2,G01,quiz_completed
W02-SYN021,SYN021,2,G01,quiz_high
W02-SYN021,SYN021,2,G01,practical_verified
W02-SYN021,SYN021,2,G01,project_activity
W03-SYN021,SYN021,3,G01,attendance_recorded
W03-SYN021,SYN021,3,G01,task_submitted
W03-SYN021,SYN021,3,G01,task_late
W03-SYN021,SYN021,3,G01,quiz_completed
W03-SYN021,SYN021,3,G01,multiple_attempts
W03-SYN021,SYN021,3,G01,practical_verified
W03-SYN021,SYN021,3,G01,project_activity
W04-SYN021,SYN021,4,G01,attendance_recorded
W04-SYN021,SYN021,4,G01,task_submitted
W04-SYN021,SYN021,4,G01,task_late
W04-SYN021,SYN021,4,G01,quiz_completed
W04-SYN021,SYN021,4,G01,quiz_high
W04-SYN021,SYN021,4,G01,multiple_attempts
W04-SYN021,SYN021,4,G01,low_monday_activity
W04-SYN021,SYN021,4,G01,asked_for_help
W05-SYN021,SYN021,5,G01,attendance_recorded
W05-SYN021,SYN021,5,G01,concept_map_submitted
W05-SYN021,SYN021,5,G01,quiz_completed
W05-SYN021,SYN021,5,G01,multiple_attempts
W05-SYN021,SYN021,5,G01,practical_verified
W05-SYN021,SYN021,5,G01,asked_for_help
W06-SYN021,SYN021,6,G01,attendance_recorded
W06-SYN021,SYN021,6,G01,concept_map_submitted
W06-SYN021,SYN021,6,G01,task_submitted
W06-SYN021,SYN021,6,G01,task_late
W06-SYN021,SYN021,6,G01,quiz_completed
W06-SYN021,SYN021,6,G01,multiple_attempts
W06-SYN021,SYN021,6,G01,low_monday_activity
W06-SYN021,SYN021,6,G01,practical_verified
W06-SYN021,SYN021,6,G01,project_activity
W07-SYN021,SYN021,7,G01,attendance_recorded
W07-SYN021,SYN021,7,G01,concept_map_submitted
W07-SYN021,SYN021,7,G01,task_submitted
W07-SYN021,SYN021,7,G01,task_on_time
W07-SYN021,SYN021,7,G01,quiz_completed
W07-SYN021,SYN021,7,G01,high_monday_activity
W07-SYN021,SYN021,7,G01,project_activity
W07-SYN021,SYN021,7,G01,asked_for_help
W08-SYN021,SYN021,8,G01,attendance_recorded
W08-SYN021,SYN021,8,G01,quiz_completed
W08-SYN021,SYN021,8,G01,high_monday_activity
W08-SYN021,SYN021,8,G01,asked_for_help
W01-SYN022,SYN022,1,G02,attendance_recorded
W01-SYN022,SYN022,1,G02,concept_map_submitted
W01-SYN022,SYN022,1,G02,task_submitted
W01-SYN022,SYN022,1,G02,task_on_time
W01-SYN022,SYN022,1,G02,high_monday_activity
W01-SYN022,SYN022,1,G02,practical_verified
W02-SYN022,SYN022,2,G02,attendance_recorded
W02-SYN022,SYN022,2,G02,concept_map_submitted
W02-SYN022,SYN022,2,G02,task_submitted
W02-SYN022,SYN022,2,G02,task_on_time
W02-SYN022,SYN022,2,G02,quiz_completed
W02-SYN022,SYN022,2,G02,quiz_high
W02-SYN022,SYN022,2,G02,practical_verified
W03-SYN022,SYN022,3,G02,attendance_recorded
W03-SYN022,SYN022,3,G02,concept_map_submitted
W03-SYN022,SYN022,3,G02,task_submitted
W03-SYN022,SYN022,3,G02,task_on_time
W03-SYN022,SYN022,3,G02,quiz_completed
W03-SYN022,SYN022,3,G02,quiz_high
W03-SYN022,SYN022,3,G02,practical_verified
W04-SYN022,SYN022,4,G02,attendance_recorded
W04-SYN022,SYN022,4,G02,concept_map_submitted
W04-SYN022,SYN022,4,G02,task_submitted
W04-SYN022,SYN022,4,G02,task_on_time
W04-SYN022,SYN022,4,G02,quiz_completed
W04-SYN022,SYN022,4,G02,quiz_high
W04-SYN022,SYN022,4,G02,practical_verified
W04-SYN022,SYN022,4,G02,project_activity
W05-SYN022,SYN022,5,G02,attendance_recorded
W05-SYN022,SYN022,5,G02,task_submitted
W05-SYN022,SYN022,5,G02,task_on_time
W05-SYN022,SYN022,5,G02,quiz_completed
W05-SYN022,SYN022,5,G02,practical_verified
W06-SYN022,SYN022,6,G02,attendance_recorded
W06-SYN022,SYN022,6,G02,concept_map_submitted
W06-SYN022,SYN022,6,G02,task_submitted
W06-SYN022,SYN022,6,G02,task_late
W06-SYN022,SYN022,6,G02,quiz_completed
W06-SYN022,SYN022,6,G02,quiz_high
W06-SYN022,SYN022,6,G02,practical_verified
W06-SYN022,SYN022,6,G02,project_activity
W07-SYN022,SYN022,7,G02,attendance_recorded
W07-SYN022,SYN022,7,G02,task_submitted
W07-SYN022,SYN022,7,G02,task_on_time
W07-SYN022,SYN022,7,G02,quiz_completed
W07-SYN022,SYN022,7,G02,high_monday_activity
W07-SYN022,SYN022,7,G02,practical_verified
W07-SYN022,SYN022,7,G02,project_activity
W08-SYN022,SYN022,8,G02,attendance_recorded
W08-SYN022,SYN022,8,G02,concept_map_submitted
W08-SYN022,SYN022,8,G02,task_submitted
W08-SYN022,SYN022,8,G02,task_late
W08-SYN022,SYN022,8,G02,multiple_attempts
W08-SYN022,SYN022,8,G02,high_monday_activity
W08-SYN022,SYN022,8,G02,practical_verified
W08-SYN022,SYN022,8,G02,project_activity
W08-SYN022,SYN022,8,G02,asked_for_help
W01-SYN023,SYN023,1,G02,attendance_recorded
W01-SYN023,SYN023,1,G02,concept_map_submitted
W01-SYN023,SYN023,1,G02,task_submitted
W01-SYN023,SYN023,1,G02,task_on_time
W01-SYN023,SYN023,1,G02,high_monday_activity
W01-SYN023,SYN023,1,G02,practical_verified
W01-SYN023,SYN023,1,G02,asked_for_help
W02-SYN023,SYN023,2,G02,attendance_recorded
W02-SYN023,SYN023,2,G02,concept_map_submitted
W02-SYN023,SYN023,2,G02,task_submitted
W02-SYN023,SYN023,2,G02,task_on_time
W02-SYN023,SYN023,2,G02,quiz_completed
W02-SYN023,SYN023,2,G02,practical_verified
W02-SYN023,SYN023,2,G02,project_activity
W03-SYN023,SYN023,3,G02,attendance_recorded
W03-SYN023,SYN023,3,G02,concept_map_submitted
W03-SYN023,SYN023,3,G02,task_submitted
W03-SYN023,SYN023,3,G02,task_on_time
W03-SYN023,SYN023,3,G02,quiz_completed
W03-SYN023,SYN023,3,G02,quiz_high
W03-SYN023,SYN023,3,G02,multiple_attempts
W03-SYN023,SYN023,3,G02,high_monday_activity
W04-SYN023,SYN023,4,G02,attendance_recorded
W04-SYN023,SYN023,4,G02,concept_map_submitted
W04-SYN023,SYN023,4,G02,task_submitted
W04-SYN023,SYN023,4,G02,task_late
W04-SYN023,SYN023,4,G02,quiz_completed
W04-SYN023,SYN023,4,G02,high_monday_activity
W04-SYN023,SYN023,4,G02,practical_verified
W04-SYN023,SYN023,4,G02,project_activity
W05-SYN023,SYN023,5,G02,attendance_recorded
W05-SYN023,SYN023,5,G02,concept_map_submitted
W05-SYN023,SYN023,5,G02,task_submitted
W05-SYN023,SYN023,5,G02,task_on_time
W05-SYN023,SYN023,5,G02,quiz_completed
W05-SYN023,SYN023,5,G02,quiz_high
W05-SYN023,SYN023,5,G02,high_monday_activity
W05-SYN023,SYN023,5,G02,practical_verified
W05-SYN023,SYN023,5,G02,project_activity
W05-SYN023,SYN023,5,G02,asked_for_help
W06-SYN023,SYN023,6,G02,attendance_recorded
W06-SYN023,SYN023,6,G02,concept_map_submitted
W06-SYN023,SYN023,6,G02,task_submitted
W06-SYN023,SYN023,6,G02,task_on_time
W06-SYN023,SYN023,6,G02,quiz_completed
W06-SYN023,SYN023,6,G02,quiz_high
W06-SYN023,SYN023,6,G02,high_monday_activity
W06-SYN023,SYN023,6,G02,practical_verified
W06-SYN023,SYN023,6,G02,project_activity
W07-SYN023,SYN023,7,G02,attendance_recorded
W07-SYN023,SYN023,7,G02,concept_map_submitted
W07-SYN023,SYN023,7,G02,task_submitted
W07-SYN023,SYN023,7,G02,task_on_time
W07-SYN023,SYN023,7,G02,quiz_completed
W07-SYN023,SYN023,7,G02,quiz_high
W07-SYN023,SYN023,7,G02,multiple_attempts
W07-SYN023,SYN023,7,G02,high_monday_activity
W07-SYN023,SYN023,7,G02,practical_verified
W07-SYN023,SYN023,7,G02,project_activity
W07-SYN023,SYN023,7,G02,asked_for_help
W08-SYN023,SYN023,8,G02,attendance_recorded
W08-SYN023,SYN023,8,G02,concept_map_submitted
W08-SYN023,SYN023,8,G02,task_submitted
W08-SYN023,SYN023,8,G02,task_on_time
W08-SYN023,SYN023,8,G02,quiz_completed
W08-SYN023,SYN023,8,G02,quiz_high
W08-SYN023,SYN023,8,G02,high_monday_activity
W08-SYN023,SYN023,8,G02,practical_verified
W08-SYN023,SYN023,8,G02,project_activity
W01-SYN024,SYN024,1,G09,attendance_recorded
W01-SYN024,SYN024,1,G09,concept_map_submitted
W01-SYN024,SYN024,1,G09,task_submitted
W01-SYN024,SYN024,1,G09,task_on_time
W01-SYN024,SYN024,1,G09,quiz_completed
W01-SYN024,SYN024,1,G09,low_monday_activity
W01-SYN024,SYN024,1,G09,practical_verified
W02-SYN024,SYN024,2,G09,concept_map_submitted
W02-SYN024,SYN024,2,G09,task_submitted
W02-SYN024,SYN024,2,G09,task_on_time
W02-SYN024,SYN024,2,G09,quiz_completed
W02-SYN024,SYN024,2,G09,quiz_high
W02-SYN024,SYN024,2,G09,multiple_attempts
W02-SYN024,SYN024,2,G09,practical_verified
W03-SYN024,SYN024,3,G09,attendance_recorded
W03-SYN024,SYN024,3,G09,concept_map_submitted
W03-SYN024,SYN024,3,G09,task_submitted
W03-SYN024,SYN024,3,G09,task_late
W03-SYN024,SYN024,3,G09,quiz_completed
W03-SYN024,SYN024,3,G09,practical_verified
W03-SYN024,SYN024,3,G09,project_activity
W04-SYN024,SYN024,4,G09,attendance_recorded
W04-SYN024,SYN024,4,G09,concept_map_submitted
W04-SYN024,SYN024,4,G09,task_submitted
W04-SYN024,SYN024,4,G09,task_on_time
W04-SYN024,SYN024,4,G09,quiz_completed
W04-SYN024,SYN024,4,G09,quiz_high
W04-SYN024,SYN024,4,G09,high_monday_activity
W04-SYN024,SYN024,4,G09,project_activity
W05-SYN024,SYN024,5,G09,attendance_recorded
W05-SYN024,SYN024,5,G09,quiz_completed
W05-SYN024,SYN024,5,G09,project_activity
W06-SYN024,SYN024,6,G09,attendance_recorded
W06-SYN024,SYN024,6,G09,concept_map_submitted
W06-SYN024,SYN024,6,G09,task_submitted
W06-SYN024,SYN024,6,G09,task_on_time
W06-SYN024,SYN024,6,G09,practical_verified
W06-SYN024,SYN024,6,G09,project_activity
W07-SYN024,SYN024,7,G09,attendance_recorded
W07-SYN024,SYN024,7,G09,concept_map_submitted
W07-SYN024,SYN024,7,G09,task_submitted
W07-SYN024,SYN024,7,G09,task_on_time
W07-SYN024,SYN024,7,G09,quiz_completed
W07-SYN024,SYN024,7,G09,practical_verified
W07-SYN024,SYN024,7,G09,project_activity
W08-SYN024,SYN024,8,G09,attendance_recorded
W08-SYN024,SYN024,8,G09,concept_map_submitted
W08-SYN024,SYN024,8,G09,quiz_completed
W08-SYN024,SYN024,8,G09,project_activity
W01-SYN025,SYN025,1,G06,project_activity
W02-SYN025,SYN025,2,G06,minimal_recorded_activity
W03-SYN025,SYN025,3,G06,attendance_recorded
W03-SYN025,SYN025,3,G06,quiz_completed
W03-SYN025,SYN025,3,G06,quiz_low
W03-SYN025,SYN025,3,G06,low_monday_activity
W03-SYN025,SYN025,3,G06,asked_for_help
W04-SYN025,SYN025,4,G06,attendance_recorded
W04-SYN025,SYN025,4,G06,low_monday_activity
W04-SYN025,SYN025,4,G06,practical_verified
W05-SYN025,SYN025,5,G06,quiz_completed
W05-SYN025,SYN025,5,G06,practical_verified
W05-SYN025,SYN025,5,G06,project_activity
W06-SYN025,SYN025,6,G06,attendance_recorded
W06-SYN025,SYN025,6,G06,concept_map_submitted
W06-SYN025,SYN025,6,G06,quiz_completed
W06-SYN025,SYN025,6,G06,multiple_attempts
W06-SYN025,SYN025,6,G06,low_monday_activity
W06-SYN025,SYN025,6,G06,practical_verified
W06-SYN025,SYN025,6,G06,project_activity
W06-SYN025,SYN025,6,G06,asked_for_help
W07-SYN025,SYN025,7,G06,attendance_recorded
W07-SYN025,SYN025,7,G06,task_submitted
W07-SYN025,SYN025,7,G06,task_late
W07-SYN025,SYN025,7,G06,quiz_completed
W07-SYN025,SYN025,7,G06,quiz_low
W07-SYN025,SYN025,7,G06,low_monday_activity
W07-SYN025,SYN025,7,G06,practical_verified
W07-SYN025,SYN025,7,G06,asked_for_help
W08-SYN025,SYN025,8,G06,task_submitted
W08-SYN025,SYN025,8,G06,task_late
W08-SYN025,SYN025,8,G06,project_activity
W01-SYN026,SYN026,1,G01,attendance_recorded
W01-SYN026,SYN026,1,G01,concept_map_submitted
W01-SYN026,SYN026,1,G01,task_submitted
W01-SYN026,SYN026,1,G01,task_late
W01-SYN026,SYN026,1,G01,multiple_attempts
W01-SYN026,SYN026,1,G01,low_monday_activity
W01-SYN026,SYN026,1,G01,practical_verified
W01-SYN026,SYN026,1,G01,project_activity
W01-SYN026,SYN026,1,G01,asked_for_help
W02-SYN026,SYN026,2,G01,concept_map_submitted
W03-SYN026,SYN026,3,G01,attendance_recorded
W03-SYN026,SYN026,3,G01,concept_map_submitted
W03-SYN026,SYN026,3,G01,quiz_completed
W03-SYN026,SYN026,3,G01,multiple_attempts
W03-SYN026,SYN026,3,G01,low_monday_activity
W03-SYN026,SYN026,3,G01,practical_verified
W03-SYN026,SYN026,3,G01,project_activity
W04-SYN026,SYN026,4,G01,project_activity
W05-SYN026,SYN026,5,G01,attendance_recorded
W05-SYN026,SYN026,5,G01,low_monday_activity
W05-SYN026,SYN026,5,G01,practical_verified
W05-SYN026,SYN026,5,G01,project_activity
W05-SYN026,SYN026,5,G01,asked_for_help
W06-SYN026,SYN026,6,G01,attendance_recorded
W06-SYN026,SYN026,6,G01,concept_map_submitted
W06-SYN026,SYN026,6,G01,task_submitted
W06-SYN026,SYN026,6,G01,task_on_time
W06-SYN026,SYN026,6,G01,quiz_completed
W06-SYN026,SYN026,6,G01,quiz_low
W06-SYN026,SYN026,6,G01,practical_verified
W07-SYN026,SYN026,7,G01,attendance_recorded
W07-SYN026,SYN026,7,G01,concept_map_submitted
W07-SYN026,SYN026,7,G01,task_submitted
W07-SYN026,SYN026,7,G01,task_on_time
W07-SYN026,SYN026,7,G01,multiple_attempts
W07-SYN026,SYN026,7,G01,project_activity
W08-SYN026,SYN026,8,G01,concept_map_submitted
W08-SYN026,SYN026,8,G01,task_submitted
W08-SYN026,SYN026,8,G01,task_late
W01-SYN027,SYN027,1,G05,task_submitted
W01-SYN027,SYN027,1,G05,task_late
W01-SYN027,SYN027,1,G05,project_activity
W01-SYN027,SYN027,1,G05,asked_for_help
W02-SYN027,SYN027,2,G05,attendance_recorded
W02-SYN027,SYN027,2,G05,concept_map_submitted
W02-SYN027,SYN027,2,G05,task_submitted
W02-SYN027,SYN027,2,G05,task_on_time
W02-SYN027,SYN027,2,G05,quiz_completed
W02-SYN027,SYN027,2,G05,high_monday_activity
W02-SYN027,SYN027,2,G05,practical_verified
W02-SYN027,SYN027,2,G05,project_activity
W03-SYN027,SYN027,3,G05,attendance_recorded
W03-SYN027,SYN027,3,G05,concept_map_submitted
W03-SYN027,SYN027,3,G05,high_monday_activity
W03-SYN027,SYN027,3,G05,project_activity
W04-SYN027,SYN027,4,G05,attendance_recorded
W04-SYN027,SYN027,4,G05,concept_map_submitted
W04-SYN027,SYN027,4,G05,quiz_completed
W04-SYN027,SYN027,4,G05,multiple_attempts
W04-SYN027,SYN027,4,G05,high_monday_activity
W04-SYN027,SYN027,4,G05,project_activity
W04-SYN027,SYN027,4,G05,asked_for_help
W05-SYN027,SYN027,5,G05,attendance_recorded
W05-SYN027,SYN027,5,G05,concept_map_submitted
W05-SYN027,SYN027,5,G05,task_submitted
W05-SYN027,SYN027,5,G05,task_on_time
W05-SYN027,SYN027,5,G05,quiz_completed
W05-SYN027,SYN027,5,G05,high_monday_activity
W05-SYN027,SYN027,5,G05,practical_verified
W06-SYN027,SYN027,6,G05,attendance_recorded
W06-SYN027,SYN027,6,G05,concept_map_submitted
W06-SYN027,SYN027,6,G05,task_submitted
W06-SYN027,SYN027,6,G05,task_on_time
W06-SYN027,SYN027,6,G05,quiz_completed
W06-SYN027,SYN027,6,G05,high_monday_activity
W06-SYN027,SYN027,6,G05,project_activity
W06-SYN027,SYN027,6,G05,asked_for_help
W07-SYN027,SYN027,7,G05,attendance_recorded
W07-SYN027,SYN027,7,G05,task_submitted
W07-SYN027,SYN027,7,G05,task_on_time
W07-SYN027,SYN027,7,G05,high_monday_activity
W07-SYN027,SYN027,7,G05,practical_verified
W07-SYN027,SYN027,7,G05,project_activity
W07-SYN027,SYN027,7,G05,asked_for_help
W08-SYN027,SYN027,8,G05,attendance_recorded
W08-SYN027,SYN027,8,G05,concept_map_submitted
W08-SYN027,SYN027,8,G05,quiz_completed
W08-SYN027,SYN027,8,G05,quiz_high
W08-SYN027,SYN027,8,G05,high_monday_activity
W01-SYN028,SYN028,1,G05,quiz_completed
W01-SYN028,SYN028,1,G05,quiz_low
W01-SYN028,SYN028,1,G05,asked_for_help
W02-SYN028,SYN028,2,G05,attendance_recorded
W02-SYN028,SYN028,2,G05,concept_map_submitted
W02-SYN028,SYN028,2,G05,low_monday_activity
W02-SYN028,SYN028,2,G05,practical_verified
W02-SYN028,SYN028,2,G05,asked_for_help
W03-SYN028,SYN028,3,G05,practical_verified
W03-SYN028,SYN028,3,G05,asked_for_help
W04-SYN028,SYN028,4,G05,attendance_recorded
W04-SYN028,SYN028,4,G05,concept_map_submitted
W04-SYN028,SYN028,4,G05,multiple_attempts
W04-SYN028,SYN028,4,G05,low_monday_activity
W04-SYN028,SYN028,4,G05,project_activity
W04-SYN028,SYN028,4,G05,asked_for_help
W05-SYN028,SYN028,5,G05,attendance_recorded
W05-SYN028,SYN028,5,G05,task_submitted
W05-SYN028,SYN028,5,G05,task_on_time
W05-SYN028,SYN028,5,G05,multiple_attempts
W05-SYN028,SYN028,5,G05,low_monday_activity
W05-SYN028,SYN028,5,G05,project_activity
W05-SYN028,SYN028,5,G05,asked_for_help
W06-SYN028,SYN028,6,G05,multiple_attempts
W07-SYN028,SYN028,7,G05,multiple_attempts
W08-SYN028,SYN028,8,G05,concept_map_submitted
W08-SYN028,SYN028,8,G05,task_submitted
W08-SYN028,SYN028,8,G05,task_late
W01-SYN029,SYN029,1,G10,attendance_recorded
W01-SYN029,SYN029,1,G10,concept_map_submitted
W01-SYN029,SYN029,1,G10,quiz_completed
W01-SYN029,SYN029,1,G10,quiz_high
W01-SYN029,SYN029,1,G10,practical_verified
W01-SYN029,SYN029,1,G10,asked_for_help
W02-SYN029,SYN029,2,G10,attendance_recorded
W02-SYN029,SYN029,2,G10,concept_map_submitted
W02-SYN029,SYN029,2,G10,task_submitted
W02-SYN029,SYN029,2,G10,task_on_time
W02-SYN029,SYN029,2,G10,quiz_completed
W02-SYN029,SYN029,2,G10,quiz_high
W02-SYN029,SYN029,2,G10,low_monday_activity
W02-SYN029,SYN029,2,G10,project_activity
W03-SYN029,SYN029,3,G10,attendance_recorded
W03-SYN029,SYN029,3,G10,concept_map_submitted
W03-SYN029,SYN029,3,G10,quiz_completed
W03-SYN029,SYN029,3,G10,quiz_high
W03-SYN029,SYN029,3,G10,multiple_attempts
W03-SYN029,SYN029,3,G10,practical_verified
W03-SYN029,SYN029,3,G10,project_activity
W04-SYN029,SYN029,4,G10,attendance_recorded
W04-SYN029,SYN029,4,G10,concept_map_submitted
W04-SYN029,SYN029,4,G10,quiz_completed
W04-SYN029,SYN029,4,G10,quiz_high
W05-SYN029,SYN029,5,G10,attendance_recorded
W05-SYN029,SYN029,5,G10,concept_map_submitted
W05-SYN029,SYN029,5,G10,task_submitted
W05-SYN029,SYN029,5,G10,task_on_time
W05-SYN029,SYN029,5,G10,quiz_completed
W05-SYN029,SYN029,5,G10,quiz_high
W05-SYN029,SYN029,5,G10,practical_verified
W05-SYN029,SYN029,5,G10,project_activity
W06-SYN029,SYN029,6,G10,concept_map_submitted
W06-SYN029,SYN029,6,G10,task_submitted
W06-SYN029,SYN029,6,G10,task_late
W06-SYN029,SYN029,6,G10,quiz_completed
W06-SYN029,SYN029,6,G10,quiz_high
W06-SYN029,SYN029,6,G10,multiple_attempts
W06-SYN029,SYN029,6,G10,practical_verified
W07-SYN029,SYN029,7,G10,attendance_recorded
W07-SYN029,SYN029,7,G10,quiz_completed
W07-SYN029,SYN029,7,G10,quiz_high
W07-SYN029,SYN029,7,G10,low_monday_activity
W07-SYN029,SYN029,7,G10,practical_verified
W07-SYN029,SYN029,7,G10,project_activity
W08-SYN029,SYN029,8,G10,attendance_recorded
W08-SYN029,SYN029,8,G10,concept_map_submitted
W08-SYN029,SYN029,8,G10,task_submitted
W08-SYN029,SYN029,8,G10,task_on_time
W08-SYN029,SYN029,8,G10,quiz_completed
W08-SYN029,SYN029,8,G10,high_monday_activity
W08-SYN029,SYN029,8,G10,practical_verified
W08-SYN029,SYN029,8,G10,project_activity
W08-SYN029,SYN029,8,G10,asked_for_help
W01-SYN030,SYN030,1,G10,quiz_completed
W01-SYN030,SYN030,1,G10,quiz_low
W01-SYN030,SYN030,1,G10,multiple_attempts
W02-SYN030,SYN030,2,G10,attendance_recorded
W02-SYN030,SYN030,2,G10,concept_map_submitted
W02-SYN030,SYN030,2,G10,task_submitted
W02-SYN030,SYN030,2,G10,task_late
W02-SYN030,SYN030,2,G10,practical_verified
W02-SYN030,SYN030,2,G10,project_activity
W03-SYN030,SYN030,3,G10,attendance_recorded
W03-SYN030,SYN030,3,G10,concept_map_submitted
W03-SYN030,SYN030,3,G10,quiz_completed
W03-SYN030,SYN030,3,G10,practical_verified
W03-SYN030,SYN030,3,G10,project_activity
W03-SYN030,SYN030,3,G10,asked_for_help
W04-SYN030,SYN030,4,G10,attendance_recorded
W04-SYN030,SYN030,4,G10,concept_map_submitted
W04-SYN030,SYN030,4,G10,quiz_completed
W04-SYN030,SYN030,4,G10,quiz_low
W04-SYN030,SYN030,4,G10,practical_verified
W04-SYN030,SYN030,4,G10,project_activity
W04-SYN030,SYN030,4,G10,asked_for_help
W05-SYN030,SYN030,5,G10,attendance_recorded
W05-SYN030,SYN030,5,G10,concept_map_submitted
W05-SYN030,SYN030,5,G10,task_submitted
W05-SYN030,SYN030,5,G10,task_on_time
W05-SYN030,SYN030,5,G10,quiz_completed
W05-SYN030,SYN030,5,G10,project_activity
W06-SYN030,SYN030,6,G10,attendance_recorded
W06-SYN030,SYN030,6,G10,concept_map_submitted
W06-SYN030,SYN030,6,G10,quiz_completed
W06-SYN030,SYN030,6,G10,quiz_low
W06-SYN030,SYN030,6,G10,multiple_attempts
W06-SYN030,SYN030,6,G10,project_activity
W06-SYN030,SYN030,6,G10,asked_for_help
W07-SYN030,SYN030,7,G10,concept_map_submitted
W07-SYN030,SYN030,7,G10,project_activity
W07-SYN030,SYN030,7,G10,asked_for_help
W08-SYN030,SYN030,8,G10,attendance_recorded
W08-SYN030,SYN030,8,G10,concept_map_submitted
W08-SYN030,SYN030,8,G10,task_submitted
W08-SYN030,SYN030,8,G10,task_on_time
W08-SYN030,SYN030,8,G10,quiz_completed
W08-SYN030,SYN030,8,G10,quiz_low
W08-SYN030,SYN030,8,G10,high_monday_activity
W08-SYN030,SYN030,8,G10,asked_for_help
W01-SYN031,SYN031,1,G03,attendance_recorded
W01-SYN031,SYN031,1,G03,task_submitted
W01-SYN031,SYN031,1,G03,task_late
W02-SYN031,SYN031,2,G03,attendance_recorded
W02-SYN031,SYN031,2,G03,concept_map_submitted
W02-SYN031,SYN031,2,G03,task_submitted
W02-SYN031,SYN031,2,G03,task_on_time
W02-SYN031,SYN031,2,G03,quiz_completed
W02-SYN031,SYN031,2,G03,quiz_low
W02-SYN031,SYN031,2,G03,multiple_attempts
W02-SYN031,SYN031,2,G03,low_monday_activity
W02-SYN031,SYN031,2,G03,practical_verified
W02-SYN031,SYN031,2,G03,asked_for_help
W03-SYN031,SYN031,3,G03,attendance_recorded
W03-SYN031,SYN031,3,G03,concept_map_submitted
W03-SYN031,SYN031,3,G03,task_submitted
W03-SYN031,SYN031,3,G03,task_late
W03-SYN031,SYN031,3,G03,quiz_completed
W03-SYN031,SYN031,3,G03,quiz_low
W03-SYN031,SYN031,3,G03,multiple_attempts
W03-SYN031,SYN031,3,G03,low_monday_activity
W03-SYN031,SYN031,3,G03,practical_verified
W03-SYN031,SYN031,3,G03,project_activity
W03-SYN031,SYN031,3,G03,asked_for_help
W04-SYN031,SYN031,4,G03,attendance_recorded
W04-SYN031,SYN031,4,G03,concept_map_submitted
W04-SYN031,SYN031,4,G03,task_submitted
W04-SYN031,SYN031,4,G03,task_late
W04-SYN031,SYN031,4,G03,quiz_completed
W04-SYN031,SYN031,4,G03,quiz_low
W04-SYN031,SYN031,4,G03,multiple_attempts
W04-SYN031,SYN031,4,G03,low_monday_activity
W04-SYN031,SYN031,4,G03,practical_verified
W04-SYN031,SYN031,4,G03,project_activity
W04-SYN031,SYN031,4,G03,asked_for_help
W05-SYN031,SYN031,5,G03,concept_map_submitted
W05-SYN031,SYN031,5,G03,multiple_attempts
W05-SYN031,SYN031,5,G03,practical_verified
W06-SYN031,SYN031,6,G03,attendance_recorded
W06-SYN031,SYN031,6,G03,quiz_completed
W06-SYN031,SYN031,6,G03,quiz_low
W06-SYN031,SYN031,6,G03,multiple_attempts
W06-SYN031,SYN031,6,G03,low_monday_activity
W06-SYN031,SYN031,6,G03,asked_for_help
W07-SYN031,SYN031,7,G03,attendance_recorded
W07-SYN031,SYN031,7,G03,multiple_attempts
W07-SYN031,SYN031,7,G03,low_monday_activity
W07-SYN031,SYN031,7,G03,project_activity
W07-SYN031,SYN031,7,G03,asked_for_help
W08-SYN031,SYN031,8,G03,attendance_recorded
W08-SYN031,SYN031,8,G03,concept_map_submitted
W08-SYN031,SYN031,8,G03,task_submitted
W08-SYN031,SYN031,8,G03,task_late
W08-SYN031,SYN031,8,G03,low_monday_activity
W08-SYN031,SYN031,8,G03,practical_verified
W08-SYN031,SYN031,8,G03,project_activity
W08-SYN031,SYN031,8,G03,asked_for_help
W01-SYN032,SYN032,1,G07,task_submitted
W01-SYN032,SYN032,1,G07,task_on_time
W01-SYN032,SYN032,1,G07,quiz_completed
W01-SYN032,SYN032,1,G07,multiple_attempts
W01-SYN032,SYN032,1,G07,asked_for_help
W02-SYN032,SYN032,2,G07,concept_map_submitted
W02-SYN032,SYN032,2,G07,task_submitted
W02-SYN032,SYN032,2,G07,task_late
W02-SYN032,SYN032,2,G07,quiz_completed
W02-SYN032,SYN032,2,G07,quiz_high
W02-SYN032,SYN032,2,G07,multiple_attempts
W03-SYN032,SYN032,3,G07,attendance_recorded
W03-SYN032,SYN032,3,G07,task_submitted
W03-SYN032,SYN032,3,G07,task_on_time
W03-SYN032,SYN032,3,G07,quiz_completed
W03-SYN032,SYN032,3,G07,low_monday_activity
W03-SYN032,SYN032,3,G07,practical_verified
W03-SYN032,SYN032,3,G07,project_activity
W04-SYN032,SYN032,4,G07,attendance_recorded
W04-SYN032,SYN032,4,G07,concept_map_submitted
W04-SYN032,SYN032,4,G07,task_submitted
W04-SYN032,SYN032,4,G07,task_late
W04-SYN032,SYN032,4,G07,quiz_completed
W04-SYN032,SYN032,4,G07,high_monday_activity
W04-SYN032,SYN032,4,G07,practical_verified
W04-SYN032,SYN032,4,G07,asked_for_help
W05-SYN032,SYN032,5,G07,attendance_recorded
W05-SYN032,SYN032,5,G07,task_submitted
W05-SYN032,SYN032,5,G07,task_on_time
W05-SYN032,SYN032,5,G07,quiz_completed
W05-SYN032,SYN032,5,G07,low_monday_activity
W05-SYN032,SYN032,5,G07,practical_verified
W05-SYN032,SYN032,5,G07,project_activity
W05-SYN032,SYN032,5,G07,asked_for_help
W06-SYN032,SYN032,6,G07,attendance_recorded
W06-SYN032,SYN032,6,G07,task_submitted
W06-SYN032,SYN032,6,G07,task_on_time
W06-SYN032,SYN032,6,G07,low_monday_activity
W06-SYN032,SYN032,6,G07,practical_verified
W06-SYN032,SYN032,6,G07,project_activity
W07-SYN032,SYN032,7,G07,concept_map_submitted
W07-SYN032,SYN032,7,G07,quiz_completed
W07-SYN032,SYN032,7,G07,project_activity
W08-SYN032,SYN032,8,G07,concept_map_submitted
W08-SYN032,SYN032,8,G07,quiz_completed
W08-SYN032,SYN032,8,G07,project_activity
W01-SYN033,SYN033,1,G03,attendance_recorded
W01-SYN033,SYN033,1,G03,task_submitted
W01-SYN033,SYN033,1,G03,task_on_time
W01-SYN033,SYN033,1,G03,quiz_completed
W01-SYN033,SYN033,1,G03,quiz_high
W01-SYN033,SYN033,1,G03,high_monday_activity
W01-SYN033,SYN033,1,G03,practical_verified
W02-SYN033,SYN033,2,G03,attendance_recorded
W02-SYN033,SYN033,2,G03,task_submitted
W02-SYN033,SYN033,2,G03,task_on_time
W02-SYN033,SYN033,2,G03,quiz_completed
W02-SYN033,SYN033,2,G03,quiz_high
W02-SYN033,SYN033,2,G03,practical_verified
W02-SYN033,SYN033,2,G03,project_activity
W02-SYN033,SYN033,2,G03,asked_for_help
W03-SYN033,SYN033,3,G03,attendance_recorded
W03-SYN033,SYN033,3,G03,quiz_completed
W03-SYN033,SYN033,3,G03,quiz_high
W03-SYN033,SYN033,3,G03,multiple_attempts
W03-SYN033,SYN033,3,G03,project_activity
W03-SYN033,SYN033,3,G03,asked_for_help
W04-SYN033,SYN033,4,G03,attendance_recorded
W04-SYN033,SYN033,4,G03,task_submitted
W04-SYN033,SYN033,4,G03,task_on_time
W04-SYN033,SYN033,4,G03,project_activity
W04-SYN033,SYN033,4,G03,asked_for_help
W05-SYN033,SYN033,5,G03,attendance_recorded
W05-SYN033,SYN033,5,G03,concept_map_submitted
W05-SYN033,SYN033,5,G03,quiz_completed
W05-SYN033,SYN033,5,G03,quiz_high
W05-SYN033,SYN033,5,G03,multiple_attempts
W05-SYN033,SYN033,5,G03,high_monday_activity
W05-SYN033,SYN033,5,G03,practical_verified
W05-SYN033,SYN033,5,G03,project_activity
W06-SYN033,SYN033,6,G03,attendance_recorded
W06-SYN033,SYN033,6,G03,concept_map_submitted
W06-SYN033,SYN033,6,G03,task_submitted
W06-SYN033,SYN033,6,G03,task_on_time
W06-SYN033,SYN033,6,G03,quiz_completed
W06-SYN033,SYN033,6,G03,high_monday_activity
W06-SYN033,SYN033,6,G03,practical_verified
W06-SYN033,SYN033,6,G03,project_activity
W07-SYN033,SYN033,7,G03,attendance_recorded
W07-SYN033,SYN033,7,G03,quiz_completed
W07-SYN033,SYN033,7,G03,project_activity
W08-SYN033,SYN033,8,G03,attendance_recorded
W08-SYN033,SYN033,8,G03,concept_map_submitted
W08-SYN033,SYN033,8,G03,task_submitted
W08-SYN033,SYN033,8,G03,task_late
W08-SYN033,SYN033,8,G03,quiz_completed
W08-SYN033,SYN033,8,G03,multiple_attempts
W08-SYN033,SYN033,8,G03,high_monday_activity
W08-SYN033,SYN033,8,G03,practical_verified
W08-SYN033,SYN033,8,G03,project_activity
W01-SYN034,SYN034,1,G01,attendance_recorded
W01-SYN034,SYN034,1,G01,task_submitted
W01-SYN034,SYN034,1,G01,task_on_time
W01-SYN034,SYN034,1,G01,project_activity
W02-SYN034,SYN034,2,G01,quiz_completed
W02-SYN034,SYN034,2,G01,quiz_low
W02-SYN034,SYN034,2,G01,multiple_attempts
W03-SYN034,SYN034,3,G01,project_activity
W04-SYN034,SYN034,4,G01,multiple_attempts
W04-SYN034,SYN034,4,G01,asked_for_help
W05-SYN034,SYN034,5,G01,concept_map_submitted
W06-SYN034,SYN034,6,G01,attendance_recorded
W06-SYN034,SYN034,6,G01,task_submitted
W06-SYN034,SYN034,6,G01,task_on_time
W06-SYN034,SYN034,6,G01,quiz_completed
W06-SYN034,SYN034,6,G01,low_monday_activity
W06-SYN034,SYN034,6,G01,practical_verified
W06-SYN034,SYN034,6,G01,asked_for_help
W07-SYN034,SYN034,7,G01,concept_map_submitted
W07-SYN034,SYN034,7,G01,task_submitted
W07-SYN034,SYN034,7,G01,task_late
W07-SYN034,SYN034,7,G01,multiple_attempts
W07-SYN034,SYN034,7,G01,practical_verified
W07-SYN034,SYN034,7,G01,project_activity
W08-SYN034,SYN034,8,G01,attendance_recorded
W08-SYN034,SYN034,8,G01,task_submitted
W08-SYN034,SYN034,8,G01,task_late
W08-SYN034,SYN034,8,G01,quiz_completed
W08-SYN034,SYN034,8,G01,multiple_attempts
W08-SYN034,SYN034,8,G01,low_monday_activity
W08-SYN034,SYN034,8,G01,practical_verified
W01-SYN035,SYN035,1,G05,concept_map_submitted
W01-SYN035,SYN035,1,G05,task_submitted
W01-SYN035,SYN035,1,G05,task_late
W01-SYN035,SYN035,1,G05,practical_verified
W01-SYN035,SYN035,1,G05,asked_for_help
W02-SYN035,SYN035,2,G05,attendance_recorded
W02-SYN035,SYN035,2,G05,concept_map_submitted
W02-SYN035,SYN035,2,G05,task_submitted
W02-SYN035,SYN035,2,G05,task_late
W02-SYN035,SYN035,2,G05,multiple_attempts
W02-SYN035,SYN035,2,G05,practical_verified
W02-SYN035,SYN035,2,G05,project_activity
W02-SYN035,SYN035,2,G05,asked_for_help
W03-SYN035,SYN035,3,G05,multiple_attempts
W03-SYN035,SYN035,3,G05,asked_for_help
W04-SYN035,SYN035,4,G05,attendance_recorded
W04-SYN035,SYN035,4,G05,quiz_completed
W04-SYN035,SYN035,4,G05,quiz_low
W04-SYN035,SYN035,4,G05,multiple_attempts
W04-SYN035,SYN035,4,G05,low_monday_activity
W04-SYN035,SYN035,4,G05,project_activity
W04-SYN035,SYN035,4,G05,asked_for_help
W05-SYN035,SYN035,5,G05,attendance_recorded
W05-SYN035,SYN035,5,G05,task_submitted
W05-SYN035,SYN035,5,G05,task_on_time
W05-SYN035,SYN035,5,G05,quiz_completed
W05-SYN035,SYN035,5,G05,quiz_low
W05-SYN035,SYN035,5,G05,project_activity
W05-SYN035,SYN035,5,G05,asked_for_help
W06-SYN035,SYN035,6,G05,attendance_recorded
W06-SYN035,SYN035,6,G05,concept_map_submitted
W06-SYN035,SYN035,6,G05,low_monday_activity
W06-SYN035,SYN035,6,G05,asked_for_help
W07-SYN035,SYN035,7,G05,attendance_recorded
W07-SYN035,SYN035,7,G05,project_activity
W07-SYN035,SYN035,7,G05,asked_for_help
W08-SYN035,SYN035,8,G05,attendance_recorded
W08-SYN035,SYN035,8,G05,concept_map_submitted
W08-SYN035,SYN035,8,G05,project_activity
W08-SYN035,SYN035,8,G05,asked_for_help
W01-SYN036,SYN036,1,G03,attendance_recorded
W01-SYN036,SYN036,1,G03,concept_map_submitted
W01-SYN036,SYN036,1,G03,quiz_completed
W01-SYN036,SYN036,1,G03,multiple_attempts
W01-SYN036,SYN036,1,G03,high_monday_activity
W01-SYN036,SYN036,1,G03,practical_verified
W02-SYN036,SYN036,2,G03,attendance_recorded
W02-SYN036,SYN036,2,G03,concept_map_submitted
W02-SYN036,SYN036,2,G03,task_submitted
W02-SYN036,SYN036,2,G03,task_on_time
W02-SYN036,SYN036,2,G03,high_monday_activity
W02-SYN036,SYN036,2,G03,practical_verified
W02-SYN036,SYN036,2,G03,project_activity
W02-SYN036,SYN036,2,G03,asked_for_help
W03-SYN036,SYN036,3,G03,attendance_recorded
W03-SYN036,SYN036,3,G03,concept_map_submitted
W03-SYN036,SYN036,3,G03,task_submitted
W03-SYN036,SYN036,3,G03,task_on_time
W03-SYN036,SYN036,3,G03,high_monday_activity
W03-SYN036,SYN036,3,G03,practical_verified
W04-SYN036,SYN036,4,G03,attendance_recorded
W04-SYN036,SYN036,4,G03,concept_map_submitted
W04-SYN036,SYN036,4,G03,task_submitted
W04-SYN036,SYN036,4,G03,task_late
W04-SYN036,SYN036,4,G03,quiz_completed
W04-SYN036,SYN036,4,G03,high_monday_activity
W04-SYN036,SYN036,4,G03,project_activity
W05-SYN036,SYN036,5,G03,attendance_recorded
W05-SYN036,SYN036,5,G03,task_submitted
W05-SYN036,SYN036,5,G03,task_late
W05-SYN036,SYN036,5,G03,quiz_completed
W05-SYN036,SYN036,5,G03,high_monday_activity
W05-SYN036,SYN036,5,G03,practical_verified
W05-SYN036,SYN036,5,G03,project_activity
W06-SYN036,SYN036,6,G03,attendance_recorded
W06-SYN036,SYN036,6,G03,concept_map_submitted
W06-SYN036,SYN036,6,G03,task_submitted
W06-SYN036,SYN036,6,G03,task_late
W06-SYN036,SYN036,6,G03,high_monday_activity
W06-SYN036,SYN036,6,G03,practical_verified
W06-SYN036,SYN036,6,G03,project_activity
W06-SYN036,SYN036,6,G03,asked_for_help
W07-SYN036,SYN036,7,G03,attendance_recorded
W07-SYN036,SYN036,7,G03,task_submitted
W07-SYN036,SYN036,7,G03,task_late
W07-SYN036,SYN036,7,G03,quiz_completed
W07-SYN036,SYN036,7,G03,quiz_high
W07-SYN036,SYN036,7,G03,practical_verified
W07-SYN036,SYN036,7,G03,project_activity
W08-SYN036,SYN036,8,G03,concept_map_submitted
W08-SYN036,SYN036,8,G03,task_submitted
W08-SYN036,SYN036,8,G03,task_on_time
W08-SYN036,SYN036,8,G03,multiple_attempts
W01-SYN037,SYN037,1,G04,task_submitted
W01-SYN037,SYN037,1,G04,task_on_time
W01-SYN037,SYN037,1,G04,practical_verified
W01-SYN037,SYN037,1,G04,project_activity
W02-SYN037,SYN037,2,G04,task_submitted
W02-SYN037,SYN037,2,G04,task_on_time
W02-SYN037,SYN037,2,G04,project_activity
W03-SYN037,SYN037,3,G04,attendance_recorded
W03-SYN037,SYN037,3,G04,task_submitted
W03-SYN037,SYN037,3,G04,task_on_time
W03-SYN037,SYN037,3,G04,quiz_completed
W03-SYN037,SYN037,3,G04,quiz_low
W03-SYN037,SYN037,3,G04,low_monday_activity
W03-SYN037,SYN037,3,G04,practical_verified
W04-SYN037,SYN037,4,G04,concept_map_submitted
W04-SYN037,SYN037,4,G04,practical_verified
W05-SYN037,SYN037,5,G04,attendance_recorded
W05-SYN037,SYN037,5,G04,concept_map_submitted
W05-SYN037,SYN037,5,G04,quiz_completed
W05-SYN037,SYN037,5,G04,low_monday_activity
W05-SYN037,SYN037,5,G04,project_activity
W05-SYN037,SYN037,5,G04,asked_for_help
W06-SYN037,SYN037,6,G04,quiz_completed
W06-SYN037,SYN037,6,G04,quiz_low
W06-SYN037,SYN037,6,G04,multiple_attempts
W06-SYN037,SYN037,6,G04,asked_for_help
W07-SYN037,SYN037,7,G04,attendance_recorded
W07-SYN037,SYN037,7,G04,concept_map_submitted
W07-SYN037,SYN037,7,G04,low_monday_activity
W07-SYN037,SYN037,7,G04,project_activity
W08-SYN037,SYN037,8,G04,attendance_recorded
W08-SYN037,SYN037,8,G04,task_submitted
W08-SYN037,SYN037,8,G04,task_late
W08-SYN037,SYN037,8,G04,quiz_completed
W08-SYN037,SYN037,8,G04,quiz_low
W08-SYN037,SYN037,8,G04,low_monday_activity
W08-SYN037,SYN037,8,G04,project_activity
W01-SYN038,SYN038,1,G08,attendance_recorded
W01-SYN038,SYN038,1,G08,concept_map_submitted
W01-SYN038,SYN038,1,G08,multiple_attempts
W01-SYN038,SYN038,1,G08,high_monday_activity
W01-SYN038,SYN038,1,G08,project_activity
W01-SYN038,SYN038,1,G08,asked_for_help
W02-SYN038,SYN038,2,G08,attendance_recorded
W02-SYN038,SYN038,2,G08,task_submitted
W02-SYN038,SYN038,2,G08,task_on_time
W02-SYN038,SYN038,2,G08,multiple_attempts
W02-SYN038,SYN038,2,G08,low_monday_activity
W02-SYN038,SYN038,2,G08,project_activity
W02-SYN038,SYN038,2,G08,asked_for_help
W03-SYN038,SYN038,3,G08,attendance_recorded
W03-SYN038,SYN038,3,G08,task_submitted
W03-SYN038,SYN038,3,G08,task_on_time
W03-SYN038,SYN038,3,G08,quiz_completed
W03-SYN038,SYN038,3,G08,multiple_attempts
W03-SYN038,SYN038,3,G08,low_monday_activity
W04-SYN038,SYN038,4,G08,attendance_recorded
W04-SYN038,SYN038,4,G08,task_submitted
W04-SYN038,SYN038,4,G08,task_late
W04-SYN038,SYN038,4,G08,quiz_completed
W04-SYN038,SYN038,4,G08,quiz_low
W04-SYN038,SYN038,4,G08,multiple_attempts
W04-SYN038,SYN038,4,G08,low_monday_activity
W04-SYN038,SYN038,4,G08,practical_verified
W05-SYN038,SYN038,5,G08,attendance_recorded
W05-SYN038,SYN038,5,G08,concept_map_submitted
W05-SYN038,SYN038,5,G08,task_submitted
W05-SYN038,SYN038,5,G08,task_late
W05-SYN038,SYN038,5,G08,quiz_completed
W05-SYN038,SYN038,5,G08,quiz_low
W05-SYN038,SYN038,5,G08,multiple_attempts
W05-SYN038,SYN038,5,G08,high_monday_activity
W05-SYN038,SYN038,5,G08,practical_verified
W05-SYN038,SYN038,5,G08,project_activity
W06-SYN038,SYN038,6,G08,attendance_recorded
W06-SYN038,SYN038,6,G08,concept_map_submitted
W06-SYN038,SYN038,6,G08,multiple_attempts
W06-SYN038,SYN038,6,G08,low_monday_activity
W06-SYN038,SYN038,6,G08,practical_verified
W06-SYN038,SYN038,6,G08,project_activity
W07-SYN038,SYN038,7,G08,attendance_recorded
W07-SYN038,SYN038,7,G08,concept_map_submitted
W07-SYN038,SYN038,7,G08,quiz_completed
W07-SYN038,SYN038,7,G08,quiz_low
W07-SYN038,SYN038,7,G08,multiple_attempts
W07-SYN038,SYN038,7,G08,high_monday_activity
W07-SYN038,SYN038,7,G08,practical_verified
W07-SYN038,SYN038,7,G08,project_activity
W08-SYN038,SYN038,8,G08,attendance_recorded
W08-SYN038,SYN038,8,G08,task_submitted
W08-SYN038,SYN038,8,G08,task_on_time
W08-SYN038,SYN038,8,G08,quiz_completed
W08-SYN038,SYN038,8,G08,quiz_low
W08-SYN038,SYN038,8,G08,multiple_attempts
W08-SYN038,SYN038,8,G08,practical_verified
W08-SYN038,SYN038,8,G08,asked_for_help
W01-SYN039,SYN039,1,G10,attendance_recorded
W01-SYN039,SYN039,1,G10,concept_map_submitted
W01-SYN039,SYN039,1,G10,multiple_attempts
W01-SYN039,SYN039,1,G10,high_monday_activity
W01-SYN039,SYN039,1,G10,practical_verified
W01-SYN039,SYN039,1,G10,project_activity
W01-SYN039,SYN039,1,G10,asked_for_help
W02-SYN039,SYN039,2,G10,attendance_recorded
W02-SYN039,SYN039,2,G10,task_submitted
W02-SYN039,SYN039,2,G10,task_on_time
W02-SYN039,SYN039,2,G10,quiz_completed
W02-SYN039,SYN039,2,G10,high_monday_activity
W02-SYN039,SYN039,2,G10,project_activity
W02-SYN039,SYN039,2,G10,asked_for_help
W03-SYN039,SYN039,3,G10,attendance_recorded
W03-SYN039,SYN039,3,G10,task_submitted
W03-SYN039,SYN039,3,G10,task_on_time
W03-SYN039,SYN039,3,G10,quiz_completed
W03-SYN039,SYN039,3,G10,quiz_high
W03-SYN039,SYN039,3,G10,high_monday_activity
W03-SYN039,SYN039,3,G10,practical_verified
W03-SYN039,SYN039,3,G10,asked_for_help
W04-SYN039,SYN039,4,G10,attendance_recorded
W04-SYN039,SYN039,4,G10,concept_map_submitted
W04-SYN039,SYN039,4,G10,task_submitted
W04-SYN039,SYN039,4,G10,task_late
W04-SYN039,SYN039,4,G10,quiz_completed
W04-SYN039,SYN039,4,G10,high_monday_activity
W04-SYN039,SYN039,4,G10,practical_verified
W04-SYN039,SYN039,4,G10,project_activity
W04-SYN039,SYN039,4,G10,asked_for_help
W05-SYN039,SYN039,5,G10,attendance_recorded
W05-SYN039,SYN039,5,G10,concept_map_submitted
W05-SYN039,SYN039,5,G10,quiz_completed
W05-SYN039,SYN039,5,G10,multiple_attempts
W05-SYN039,SYN039,5,G10,high_monday_activity
W06-SYN039,SYN039,6,G10,task_submitted
W06-SYN039,SYN039,6,G10,task_on_time
W06-SYN039,SYN039,6,G10,quiz_completed
W06-SYN039,SYN039,6,G10,practical_verified
W07-SYN039,SYN039,7,G10,attendance_recorded
W07-SYN039,SYN039,7,G10,concept_map_submitted
W07-SYN039,SYN039,7,G10,task_submitted
W07-SYN039,SYN039,7,G10,task_on_time
W07-SYN039,SYN039,7,G10,quiz_completed
W07-SYN039,SYN039,7,G10,multiple_attempts
W07-SYN039,SYN039,7,G10,high_monday_activity
W07-SYN039,SYN039,7,G10,practical_verified
W07-SYN039,SYN039,7,G10,project_activity
W07-SYN039,SYN039,7,G10,asked_for_help
W08-SYN039,SYN039,8,G10,attendance_recorded
W08-SYN039,SYN039,8,G10,task_submitted
W08-SYN039,SYN039,8,G10,task_late
W08-SYN039,SYN039,8,G10,multiple_attempts
W08-SYN039,SYN039,8,G10,practical_verified
W01-SYN040,SYN040,1,G05,task_submitted
W01-SYN040,SYN040,1,G05,task_late
W01-SYN040,SYN040,1,G05,asked_for_help
W02-SYN040,SYN040,2,G05,task_submitted
W02-SYN040,SYN040,2,G05,task_late
W02-SYN040,SYN040,2,G05,quiz_completed
W02-SYN040,SYN040,2,G05,quiz_low
W03-SYN040,SYN040,3,G05,task_submitted
W03-SYN040,SYN040,3,G05,task_late
W03-SYN040,SYN040,3,G05,quiz_completed
W03-SYN040,SYN040,3,G05,quiz_low
W03-SYN040,SYN040,3,G05,multiple_attempts
W03-SYN040,SYN040,3,G05,asked_for_help
W04-SYN040,SYN040,4,G05,concept_map_submitted
W04-SYN040,SYN040,4,G05,task_submitted
W04-SYN040,SYN040,4,G05,task_on_time
W05-SYN040,SYN040,5,G05,attendance_recorded
W05-SYN040,SYN040,5,G05,multiple_attempts
W05-SYN040,SYN040,5,G05,low_monday_activity
W05-SYN040,SYN040,5,G05,asked_for_help
W06-SYN040,SYN040,6,G05,attendance_recorded
W06-SYN040,SYN040,6,G05,task_submitted
W06-SYN040,SYN040,6,G05,task_late
W06-SYN040,SYN040,6,G05,quiz_completed
W06-SYN040,SYN040,6,G05,quiz_low
W06-SYN040,SYN040,6,G05,low_monday_activity
W06-SYN040,SYN040,6,G05,practical_verified
W06-SYN040,SYN040,6,G05,project_activity
W07-SYN040,SYN040,7,G05,task_submitted
W07-SYN040,SYN040,7,G05,task_late
W07-SYN040,SYN040,7,G05,asked_for_help
W08-SYN040,SYN040,8,G05,task_submitted
W08-SYN040,SYN040,8,G05,task_on_time
W08-SYN040,SYN040,8,G05,asked_for_help
